row,video,clip,t
0,11,0,0
1,11,0,1
2,11,0,2
3,11,0,3
4,11,0,4
5,11,0,5
6,11,0,6
7,11,0,7
8,11,0,8
9,11,0,9
10,11,0,10
11,11,0,11
12,11,0,12
13,11,0,13
14,11,0,14
15,11,0,15
16,11,0,16
17,11,0,17
18,11,0,18
19,11,0,19
20,11,1,0
21,11,1,1
22,11,1,2
23,11,1,3
24,11,1,4
25,11,1,5
26,11,1,6
27,11,1,7
28,11,1,8
29,11,1,9
30,11,1,10
31,11,1,11
32,11,1,12
33,11,1,13
34,11,1,14
35,11,1,15
36,11,1,16
37,11,1,17
38,11,1,18
39,11,1,19
40,11,2,0
41,11,2,1
42,11,2,2
43,11,2,3
44,11,2,4
45,11,2,5
46,11,2,6
47,11,2,7
48,11,2,8
49,11,2,9
50,11,2,10
51,11,2,11
52,11,2,12
53,11,2,13
54,11,2,14
55,11,2,15
56,11,2,16
57,11,2,17
58,11,2,18
59,11,2,19
60,11,3,0
61,11,3,1
62,11,3,2
63,11,3,3
64,11,3,4
65,11,3,5
66,11,3,6
67,11,3,7
68,11,3,8
69,11,3,9
70,11,3,10
71,11,3,11
72,11,3,12
73,11,3,13
74,11,3,14
75,11,3,15
76,11,3,16
77,11,3,17
78,11,3,18
79,11,3,19
80,11,4,0
81,11,4,1
82,11,4,2
83,11,4,3
84,11,4,4
85,11,4,5
86,11,4,6
87,11,4,7
88,11,4,8
89,11,4,9
90,11,4,10
91,11,4,11
92,11,4,12
93,11,4,13
94,11,4,14
95,11,4,15
96,11,4,16
97,11,4,17
98,11,4,18
99,11,4,19
100,11,5,0
101,11,5,1
102,11,5,2
103,11,5,3
104,11,5,4
105,11,5,5
106,11,5,6
107,11,5,7
108,11,5,8
109,11,5,9
110,11,5,10
111,11,5,11
112,11,5,12
113,11,5,13
114,11,5,14
115,11,5,15
116,11,5,16
117,11,5,17
118,11,5,18
119,11,5,19
120,11,6,0
121,11,6,1
122,11,6,2
123,11,6,3
124,11,6,4
125,11,6,5
126,11,6,6
127,11,6,7
128,11,6,8
129,11,6,9
130,11,6,10
131,11,6,11
132,11,6,12
133,11,6,13
134,11,6,14
135,11,6,15
136,11,6,16
137,11,6,17
138,11,6,18
139,11,6,19
140,11,7,0
141,11,7,1
142,11,7,2
143,11,7,3
144,11,7,4
145,11,7,5
146,11,7,6
147,11,7,7
148,11,7,8
149,11,7,9
150,11,7,10
151,11,7,11
152,11,7,12
153,11,7,13
154,11,7,14
155,11,7,15
156,11,7,16
157,11,7,17
158,11,7,18
159,11,7,19
160,11,8,0
161,11,8,1
162,11,8,2
163,11,8,3
164,11,8,4
165,11,8,5
166,11,8,6
167,11,8,7
168,11,8,8
169,11,8,9
170,11,8,10
171,11,8,11
172,11,8,12
173,11,8,13
174,11,8,14
175,11,8,15
176,11,8,16
177,11,8,17
178,11,8,18
179,11,8,19
180,11,9,0
181,11,9,1
182,11,9,2
183,11,9,3
184,11,9,4
185,11,9,5
186,11,9,6
187,11,9,7
188,11,9,8
189,11,9,9
190,11,9,10
191,11,9,11
192,11,9,12
193,11,9,13
194,11,9,14
195,11,9,15
196,11,9,16
197,11,9,17
198,11,9,18
199,11,9,19
200,11,10,0
201,11,10,1
202,11,10,2
203,11,10,3
204,11,10,4
205,11,10,5
206,11,10,6
207,11,10,7
208,11,10,8
209,11,10,9
210,11,10,10
211,11,10,11
212,11,10,12
213,11,10,13
214,11,10,14
215,11,10,15
216,11,10,16
217,11,10,17
218,11,10,18
219,11,10,19
220,11,11,0
221,11,11,1
222,11,11,2
223,11,11,3
224,11,11,4
225,11,11,5
226,11,11,6
227,11,11,7
228,11,11,8
229,11,11,9
230,11,11,10
231,11,11,11
232,11,11,12
233,11,11,13
234,11,11,14
235,11,11,15
236,11,11,16
237,11,11,17
238,11,11,18
239,11,11,19
240,11,12,0
241,11,12,1
242,11,12,2
243,11,12,3
244,11,12,4
245,11,12,5
246,11,12,6
247,11,12,7
248,11,12,8
249,11,12,9
250,11,12,10
251,11,12,11
252,11,12,12
253,11,12,13
254,11,12,14
255,11,12,15
256,11,12,16
257,11,12,17
258,11,12,18
259,11,12,19
260,11,13,0
261,11,13,1
262,11,13,2
263,11,13,3
264,11,13,4
265,11,13,5
266,11,13,6
267,11,13,7
268,11,13,8
269,11,13,9
270,11,13,10
271,11,13,11
272,11,13,12
273,11,13,13
274,11,13,14
275,11,13,15
276,11,13,16
277,11,13,17
278,11,13,18
279,11,13,19
280,11,14,0
281,11,14,1
282,11,14,2
283,11,14,3
284,11,14,4
285,11,14,5
286,11,14,6
287,11,14,7
288,11,14,8
289,11,14,9
290,11,14,10
291,11,14,11
292,11,14,12
293,11,14,13
294,11,14,14
295,11,14,15
296,11,14,16
297,11,14,17
298,11,14,18
299,11,14,19
300,11,15,0
301,11,15,1
302,11,15,2
303,11,15,3
304,11,15,4
305,11,15,5
306,11,15,6
307,11,15,7
308,11,15,8
309,11,15,9
310,11,15,10
311,11,15,11
312,11,15,12
313,11,15,13
314,11,15,14
315,11,15,15
316,11,15,16
317,11,15,17
318,11,15,18
319,11,15,19
320,11,16,0
321,11,16,1
322,11,16,2
323,11,16,3
324,11,16,4
325,11,16,5
326,11,16,6
327,11,16,7
328,11,16,8
329,11,16,9
330,11,16,10
331,11,16,11
332,11,16,12
333,11,16,13
334,11,16,14
335,11,16,15
336,11,16,16
337,11,16,17
338,11,16,18
339,11,16,19
340,11,17,0
341,11,17,1
342,11,17,2
343,11,17,3
344,11,17,4
345,11,17,5
346,11,17,6
347,11,17,7
348,11,17,8
349,11,17,9
350,11,17,10
351,11,17,11
352,11,17,12
353,11,17,13
354,11,17,14
355,11,17,15
356,11,17,16
357,11,17,17
358,11,17,18
359,11,17,19
360,13,36,0
361,13,36,1
362,13,36,2
363,13,36,3
364,13,36,4
365,13,36,5
366,13,36,6
367,13,36,7
368,13,36,8
369,13,36,9
370,13,36,10
371,13,36,11
372,13,36,12
373,13,36,13
374,13,36,14
375,13,36,15
376,13,36,16
377,13,36,17
378,13,36,18
379,13,36,19
380,13,37,0
381,13,37,1
382,13,37,2
383,13,37,3
384,13,37,4
385,13,37,5
386,13,37,6
387,13,37,7
388,13,37,8
389,13,37,9
390,13,37,10
391,13,37,11
392,13,37,12
393,13,37,13
394,13,37,14
395,13,37,15
396,13,37,16
397,13,37,17
398,13,37,18
399,13,37,19
400,13,38,0
401,13,38,1
402,13,38,2
403,13,38,3
404,13,38,4
405,13,38,5
406,13,38,6
407,13,38,7
408,13,38,8
409,13,38,9
410,13,38,10
411,13,38,11
412,13,38,12
413,13,38,13
414,13,38,14
415,13,38,15
416,13,38,16
417,13,38,17
418,13,38,18
419,13,38,19
420,13,39,0
421,13,39,1
422,13,39,2
423,13,39,3
424,13,39,4
425,13,39,5
426,13,39,6
427,13,39,7
428,13,39,8
429,13,39,9
430,13,39,10
431,13,39,11
432,13,39,12
433,13,39,13
434,13,39,14
435,13,39,15
436,13,39,16
437,13,39,17
438,13,39,18
439,13,39,19
440,13,40,0
441,13,40,1
442,13,40,2
443,13,40,3
444,13,40,4
445,13,40,5
446,13,40,6
447,13,40,7
448,13,40,8
449,13,40,9
450,13,40,10
451,13,40,11
452,13,40,12
453,13,40,13
454,13,40,14
455,13,40,15
456,13,40,16
457,13,40,17
458,13,40,18
459,13,40,19
460,13,41,0
461,13,41,1
462,13,41,2
463,13,41,3
464,13,41,4
465,13,41,5
466,13,41,6
467,13,41,7
468,13,41,8
469,13,41,9
470,13,41,10
471,13,41,11
472,13,41,12
473,13,41,13
474,13,41,14
475,13,41,15
476,13,41,16
477,13,41,17
478,13,41,18
479,13,41,19
480,13,42,0
481,13,42,1
482,13,42,2
483,13,42,3
484,13,42,4
485,13,42,5
486,13,42,6
487,13,42,7
488,13,42,8
489,13,42,9
490,13,42,10
491,13,42,11
492,13,42,12
493,13,42,13
494,13,42,14
495,13,42,15
496,13,42,16
497,13,42,17
498,13,42,18
499,13,42,19
500,13,43,0
501,13,43,1
502,13,43,2
503,13,43,3
504,13,43,4
505,13,43,5
506,13,43,6
507,13,43,7
508,13,43,8
509,13,43,9
510,13,43,10
511,13,43,11
512,13,43,12
513,13,43,13
514,13,43,14
515,13,43,15
516,13,43,16
517,13,43,17
518,13,43,18
519,13,43,19
520,13,44,0
521,13,44,1
522,13,44,2
523,13,44,3
524,13,44,4
525,13,44,5
526,13,44,6
527,13,44,7
528,13,44,8
529,13,44,9
530,13,44,10
531,13,44,11
532,13,44,12
533,13,44,13
534,13,44,14
535,13,44,15
536,13,44,16
537,13,44,17
538,13,44,18
539,13,44,19
540,13,45,0
541,13,45,1
542,13,45,2
543,13,45,3
544,13,45,4
545,13,45,5
546,13,45,6
547,13,45,7
548,13,45,8
549,13,45,9
550,13,45,10
551,13,45,11
552,13,45,12
553,13,45,13
554,13,45,14
555,13,45,15
556,13,45,16
557,13,45,17
558,13,45,18
559,13,45,19
560,13,46,0
561,13,46,1
562,13,46,2
563,13,46,3
564,13,46,4
565,13,46,5
566,13,46,6
567,13,46,7
568,13,46,8
569,13,46,9
570,13,46,10
571,13,46,11
572,13,46,12
573,13,46,13
574,13,46,14
575,13,46,15
576,13,46,16
577,13,46,17
578,13,46,18
579,13,46,19
580,13,47,0
581,13,47,1
582,13,47,2
583,13,47,3
584,13,47,4
585,13,47,5
586,13,47,6
587,13,47,7
588,13,47,8
589,13,47,9
590,13,47,10
591,13,47,11
592,13,47,12
593,13,47,13
594,13,47,14
595,13,47,15
596,13,47,16
597,13,47,17
598,13,47,18
599,13,47,19
600,13,48,0
601,13,48,1
602,13,48,2
603,13,48,3
604,13,48,4
605,13,48,5
606,13,48,6
607,13,48,7
608,13,48,8
609,13,48,9
610,13,48,10
611,13,48,11
612,13,48,12
613,13,48,13
614,13,48,14
615,13,48,15
616,13,48,16
617,13,48,17
618,13,48,18
619,13,48,19
620,13,49,0
621,13,49,1
622,13,49,2
623,13,49,3
624,13,49,4
625,13,49,5
626,13,49,6
627,13,49,7
628,13,49,8
629,13,49,9
630,13,49,10
631,13,49,11
632,13,49,12
633,13,49,13
634,13,49,14
635,13,49,15
636,13,49,16
637,13,49,17
638,13,49,18
639,13,49,19
640,13,50,0
641,13,50,1
642,13,50,2
643,13,50,3
644,13,50,4
645,13,50,5
646,13,50,6
647,13,50,7
648,13,50,8
649,13,50,9
650,13,50,10
651,13,50,11
652,13,50,12
653,13,50,13
654,13,50,14
655,13,50,15
656,13,50,16
657,13,50,17
658,13,50,18
659,13,50,19
660,13,51,0
661,13,51,1
662,13,51,2
663,13,51,3
664,13,51,4
665,13,51,5
666,13,51,6
667,13,51,7
668,13,51,8
669,13,51,9
670,13,51,10
671,13,51,11
672,13,51,12
673,13,51,13
674,13,51,14
675,13,51,15
676,13,51,16
677,13,51,17
678,13,51,18
679,13,51,19
680,13,52,0
681,13,52,1
682,13,52,2
683,13,52,3
684,13,52,4
685,13,52,5
686,13,52,6
687,13,52,7
688,13,52,8
689,13,52,9
690,13,52,10
691,13,52,11
692,13,52,12
693,13,52,13
694,13,52,14
695,13,52,15
696,13,52,16
697,13,52,17
698,13,52,18
699,13,52,19
700,13,53,0
701,13,53,1
702,13,53,2
703,13,53,3
704,13,53,4
705,13,53,5
706,13,53,6
707,13,53,7
708,13,53,8
709,13,53,9
710,13,53,10
711,13,53,11
712,13,53,12
713,13,53,13
714,13,53,14
715,13,53,15
716,13,53,16
717,13,53,17
718,13,53,18
719,13,53,19
720,14,54,0
721,14,54,1
722,14,54,2
723,14,54,3
724,14,54,4
725,14,54,5
726,14,54,6
727,14,54,7
728,14,54,8
729,14,54,9
730,14,54,10
731,14,54,11
732,14,54,12
733,14,54,13
734,14,54,14
735,14,54,15
736,14,54,16
737,14,54,17
738,14,54,18
739,14,54,19
740,14,55,0
741,14,55,1
742,14,55,2
743,14,55,3
744,14,55,4
745,14,55,5
746,14,55,6
747,14,55,7
748,14,55,8
749,14,55,9
750,14,55,10
751,14,55,11
752,14,55,12
753,14,55,13
754,14,55,14
755,14,55,15
756,14,55,16
757,14,55,17
758,14,55,18
759,14,55,19
760,14,56,0
761,14,56,1
762,14,56,2
763,14,56,3
764,14,56,4
765,14,56,5
766,14,56,6
767,14,56,7
768,14,56,8
769,14,56,9
770,14,56,10
771,14,56,11
772,14,56,12
773,14,56,13
774,14,56,14
775,14,56,15
776,14,56,16
777,14,56,17
778,14,56,18
779,14,56,19
780,14,57,0
781,14,57,1
782,14,57,2
783,14,57,3
784,14,57,4
785,14,57,5
786,14,57,6
787,14,57,7
788,14,57,8
789,14,57,9
790,14,57,10
791,14,57,11
792,14,57,12
793,14,57,13
794,14,57,14
795,14,57,15
796,14,57,16
797,14,57,17
798,14,57,18
799,14,57,19
800,14,58,0
801,14,58,1
802,14,58,2
803,14,58,3
804,14,58,4
805,14,58,5
806,14,58,6
807,14,58,7
808,14,58,8
809,14,58,9
810,14,58,10
811,14,58,11
812,14,58,12
813,14,58,13
814,14,58,14
815,14,58,15
816,14,58,16
817,14,58,17
818,14,58,18
819,14,58,19
820,14,59,0
821,14,59,1
822,14,59,2
823,14,59,3
824,14,59,4
825,14,59,5
826,14,59,6
827,14,59,7
828,14,59,8
829,14,59,9
830,14,59,10
831,14,59,11
832,14,59,12
833,14,59,13
834,14,59,14
835,14,59,15
836,14,59,16
837,14,59,17
838,14,59,18
839,14,59,19
840,14,60,0
841,14,60,1
842,14,60,2
843,14,60,3
844,14,60,4
845,14,60,5
846,14,60,6
847,14,60,7
848,14,60,8
849,14,60,9
850,14,60,10
851,14,60,11
852,14,60,12
853,14,60,13
854,14,60,14
855,14,60,15
856,14,60,16
857,14,60,17
858,14,60,18
859,14,60,19
860,14,61,0
861,14,61,1
862,14,61,2
863,14,61,3
864,14,61,4
865,14,61,5
866,14,61,6
867,14,61,7
868,14,61,8
869,14,61,9
870,14,61,10
871,14,61,11
872,14,61,12
873,14,61,13
874,14,61,14
875,14,61,15
876,14,61,16
877,14,61,17
878,14,61,18
879,14,61,19
880,14,62,0
881,14,62,1
882,14,62,2
883,14,62,3
884,14,62,4
885,14,62,5
886,14,62,6
887,14,62,7
888,14,62,8
889,14,62,9
890,14,62,10
891,14,62,11
892,14,62,12
893,14,62,13
894,14,62,14
895,14,62,15
896,14,62,16
897,14,62,17
898,14,62,18
899,14,62,19
900,14,63,0
901,14,63,1
902,14,63,2
903,14,63,3
904,14,63,4
905,14,63,5
906,14,63,6
907,14,63,7
908,14,63,8
909,14,63,9
910,14,63,10
911,14,63,11
912,14,63,12
913,14,63,13
914,14,63,14
915,14,63,15
916,14,63,16
917,14,63,17
918,14,63,18
919,14,63,19
920,14,64,0
921,14,64,1
922,14,64,2
923,14,64,3
924,14,64,4
925,14,64,5
926,14,64,6
927,14,64,7
928,14,64,8
929,14,64,9
930,14,64,10
931,14,64,11
932,14,64,12
933,14,64,13
934,14,64,14
935,14,64,15
936,14,64,16
937,14,64,17
938,14,64,18
939,14,64,19
940,14,65,0
941,14,65,1
942,14,65,2
943,14,65,3
944,14,65,4
945,14,65,5
946,14,65,6
947,14,65,7
948,14,65,8
949,14,65,9
950,14,65,10
951,14,65,11
952,14,65,12
953,14,65,13
954,14,65,14
955,14,65,15
956,14,65,16
957,14,65,17
958,14,65,18
959,14,65,19
960,14,66,0
961,14,66,1
962,14,66,2
963,14,66,3
964,14,66,4
965,14,66,5
966,14,66,6
967,14,66,7
968,14,66,8
969,14,66,9
970,14,66,10
971,14,66,11
972,14,66,12
973,14,66,13
974,14,66,14
975,14,66,15
976,14,66,16
977,14,66,17
978,14,66,18
979,14,66,19
980,14,67,0
981,14,67,1
982,14,67,2
983,14,67,3
984,14,67,4
985,14,67,5
986,14,67,6
987,14,67,7
988,14,67,8
989,14,67,9
990,14,67,10
991,14,67,11
992,14,67,12
993,14,67,13
994,14,67,14
995,14,67,15
996,14,67,16
997,14,67,17
998,14,67,18
999,14,67,19
1000,14,68,0
1001,14,68,1
1002,14,68,2
1003,14,68,3
1004,14,68,4
1005,14,68,5
1006,14,68,6
1007,14,68,7
1008,14,68,8
1009,14,68,9
1010,14,68,10
1011,14,68,11
1012,14,68,12
1013,14,68,13
1014,14,68,14
1015,14,68,15
1016,14,68,16
1017,14,68,17
1018,14,68,18
1019,14,68,19
1020,14,69,0
1021,14,69,1
1022,14,69,2
1023,14,69,3
1024,14,69,4
1025,14,69,5
1026,14,69,6
1027,14,69,7
1028,14,69,8
1029,14,69,9
1030,14,69,10
1031,14,69,11
1032,14,69,12
1033,14,69,13
1034,14,69,14
1035,14,69,15
1036,14,69,16
1037,14,69,17
1038,14,69,18
1039,14,69,19
1040,14,70,0
1041,14,70,1
1042,14,70,2
1043,14,70,3
1044,14,70,4
1045,14,70,5
1046,14,70,6
1047,14,70,7
1048,14,70,8
1049,14,70,9
1050,14,70,10
1051,14,70,11
1052,14,70,12
1053,14,70,13
1054,14,70,14
1055,14,70,15
1056,14,70,16
1057,14,70,17
1058,14,70,18
1059,14,70,19
1060,14,71,0
1061,14,71,1
1062,14,71,2
1063,14,71,3
1064,14,71,4
1065,14,71,5
1066,14,71,6
1067,14,71,7
1068,14,71,8
1069,14,71,9
1070,14,71,10
1071,14,71,11
1072,14,71,12
1073,14,71,13
1074,14,71,14
1075,14,71,15
1076,14,71,16
1077,14,71,17
1078,14,71,18
1079,14,71,19
1080,21,108,0
1081,21,108,1
1082,21,108,2
1083,21,108,3
1084,21,108,4
1085,21,108,5
1086,21,108,6
1087,21,108,7
1088,21,108,8
1089,21,108,9
1090,21,108,10
1091,21,108,11
1092,21,108,12
1093,21,108,13
1094,21,108,14
1095,21,108,15
1096,21,108,16
1097,21,108,17
1098,21,108,18
1099,21,108,19
1100,21,109,0
1101,21,109,1
1102,21,109,2
1103,21,109,3
1104,21,109,4
1105,21,109,5
1106,21,109,6
1107,21,109,7
1108,21,109,8
1109,21,109,9
1110,21,109,10
1111,21,109,11
1112,21,109,12
1113,21,109,13
1114,21,109,14
1115,21,109,15
1116,21,109,16
1117,21,109,17
1118,21,109,18
1119,21,109,19
1120,21,110,0
1121,21,110,1
1122,21,110,2
1123,21,110,3
1124,21,110,4
1125,21,110,5
1126,21,110,6
1127,21,110,7
1128,21,110,8
1129,21,110,9
1130,21,110,10
1131,21,110,11
1132,21,110,12
1133,21,110,13
1134,21,110,14
1135,21,110,15
1136,21,110,16
1137,21,110,17
1138,21,110,18
1139,21,110,19
1140,21,111,0
1141,21,111,1
1142,21,111,2
1143,21,111,3
1144,21,111,4
1145,21,111,5
1146,21,111,6
1147,21,111,7
1148,21,111,8
1149,21,111,9
1150,21,111,10
1151,21,111,11
1152,21,111,12
1153,21,111,13
1154,21,111,14
1155,21,111,15
1156,21,111,16
1157,21,111,17
1158,21,111,18
1159,21,111,19
1160,21,112,0
1161,21,112,1
1162,21,112,2
1163,21,112,3
1164,21,112,4
1165,21,112,5
1166,21,112,6
1167,21,112,7
1168,21,112,8
1169,21,112,9
1170,21,112,10
1171,21,112,11
1172,21,112,12
1173,21,112,13
1174,21,112,14
1175,21,112,15
1176,21,112,16
1177,21,112,17
1178,21,112,18
1179,21,112,19
1180,21,113,0
1181,21,113,1
1182,21,113,2
1183,21,113,3
1184,21,113,4
1185,21,113,5
1186,21,113,6
1187,21,113,7
1188,21,113,8
1189,21,113,9
1190,21,113,10
1191,21,113,11
1192,21,113,12
1193,21,113,13
1194,21,113,14
1195,21,113,15
1196,21,113,16
1197,21,113,17
1198,21,113,18
1199,21,113,19
1200,21,114,0
1201,21,114,1
1202,21,114,2
1203,21,114,3
1204,21,114,4
1205,21,114,5
1206,21,114,6
1207,21,114,7
1208,21,114,8
1209,21,114,9
1210,21,114,10
1211,21,114,11
1212,21,114,12
1213,21,114,13
1214,21,114,14
1215,21,114,15
1216,21,114,16
1217,21,114,17
1218,21,114,18
1219,21,114,19
1220,21,115,0
1221,21,115,1
1222,21,115,2
1223,21,115,3
1224,21,115,4
1225,21,115,5
1226,21,115,6
1227,21,115,7
1228,21,115,8
1229,21,115,9
1230,21,115,10
1231,21,115,11
1232,21,115,12
1233,21,115,13
1234,21,115,14
1235,21,115,15
1236,21,115,16
1237,21,115,17
1238,21,115,18
1239,21,115,19
1240,21,116,0
1241,21,116,1
1242,21,116,2
1243,21,116,3
1244,21,116,4
1245,21,116,5
1246,21,116,6
1247,21,116,7
1248,21,116,8
1249,21,116,9
1250,21,116,10
1251,21,116,11
1252,21,116,12
1253,21,116,13
1254,21,116,14
1255,21,116,15
1256,21,116,16
1257,21,116,17
1258,21,116,18
1259,21,116,19
1260,21,117,0
1261,21,117,1
1262,21,117,2
1263,21,117,3
1264,21,117,4
1265,21,117,5
1266,21,117,6
1267,21,117,7
1268,21,117,8
1269,21,117,9
1270,21,117,10
1271,21,117,11
1272,21,117,12
1273,21,117,13
1274,21,117,14
1275,21,117,15
1276,21,117,16
1277,21,117,17
1278,21,117,18
1279,21,117,19
1280,21,118,0
1281,21,118,1
1282,21,118,2
1283,21,118,3
1284,21,118,4
1285,21,118,5
1286,21,118,6
1287,21,118,7
1288,21,118,8
1289,21,118,9
1290,21,118,10
1291,21,118,11
1292,21,118,12
1293,21,118,13
1294,21,118,14
1295,21,118,15
1296,21,118,16
1297,21,118,17
1298,21,118,18
1299,21,118,19
1300,21,119,0
1301,21,119,1
1302,21,119,2
1303,21,119,3
1304,21,119,4
1305,21,119,5
1306,21,119,6
1307,21,119,7
1308,21,119,8
1309,21,119,9
1310,21,119,10
1311,21,119,11
1312,21,119,12
1313,21,119,13
1314,21,119,14
1315,21,119,15
1316,21,119,16
1317,21,119,17
1318,21,119,18
1319,21,119,19
1320,21,120,0
1321,21,120,1
1322,21,120,2
1323,21,120,3
1324,21,120,4
1325,21,120,5
1326,21,120,6
1327,21,120,7
1328,21,120,8
1329,21,120,9
1330,21,120,10
1331,21,120,11
1332,21,120,12
1333,21,120,13
1334,21,120,14
1335,21,120,15
1336,21,120,16
1337,21,120,17
1338,21,120,18
1339,21,120,19
1340,21,121,0
1341,21,121,1
1342,21,121,2
1343,21,121,3
1344,21,121,4
1345,21,121,5
1346,21,121,6
1347,21,121,7
1348,21,121,8
1349,21,121,9
1350,21,121,10
1351,21,121,11
1352,21,121,12
1353,21,121,13
1354,21,121,14
1355,21,121,15
1356,21,121,16
1357,21,121,17
1358,21,121,18
1359,21,121,19
1360,21,122,0
1361,21,122,1
1362,21,122,2
1363,21,122,3
1364,21,122,4
1365,21,122,5
1366,21,122,6
1367,21,122,7
1368,21,122,8
1369,21,122,9
1370,21,122,10
1371,21,122,11
1372,21,122,12
1373,21,122,13
1374,21,122,14
1375,21,122,15
1376,21,122,16
1377,21,122,17
1378,21,122,18
1379,21,122,19
1380,21,123,0
1381,21,123,1
1382,21,123,2
1383,21,123,3
1384,21,123,4
1385,21,123,5
1386,21,123,6
1387,21,123,7
1388,21,123,8
1389,21,123,9
1390,21,123,10
1391,21,123,11
1392,21,123,12
1393,21,123,13
1394,21,123,14
1395,21,123,15
1396,21,123,16
1397,21,123,17
1398,21,123,18
1399,21,123,19
1400,21,124,0
1401,21,124,1
1402,21,124,2
1403,21,124,3
1404,21,124,4
1405,21,124,5
1406,21,124,6
1407,21,124,7
1408,21,124,8
1409,21,124,9
1410,21,124,10
1411,21,124,11
1412,21,124,12
1413,21,124,13
1414,21,124,14
1415,21,124,15
1416,21,124,16
1417,21,124,17
1418,21,124,18
1419,21,124,19
1420,21,125,0
1421,21,125,1
1422,21,125,2
1423,21,125,3
1424,21,125,4
1425,21,125,5
1426,21,125,6
1427,21,125,7
1428,21,125,8
1429,21,125,9
1430,21,125,10
1431,21,125,11
1432,21,125,12
1433,21,125,13
1434,21,125,14
1435,21,125,15
1436,21,125,16
1437,21,125,17
1438,21,125,18
1439,21,125,19
1440,22,126,0
1441,22,126,1
1442,22,126,2
1443,22,126,3
1444,22,126,4
1445,22,126,5
1446,22,126,6
1447,22,126,7
1448,22,126,8
1449,22,126,9
1450,22,126,10
1451,22,126,11
1452,22,126,12
1453,22,126,13
1454,22,126,14
1455,22,126,15
1456,22,126,16
1457,22,126,17
1458,22,126,18
1459,22,126,19
1460,22,127,0
1461,22,127,1
1462,22,127,2
1463,22,127,3
1464,22,127,4
1465,22,127,5
1466,22,127,6
1467,22,127,7
1468,22,127,8
1469,22,127,9
1470,22,127,10
1471,22,127,11
1472,22,127,12
1473,22,127,13
1474,22,127,14
1475,22,127,15
1476,22,127,16
1477,22,127,17
1478,22,127,18
1479,22,127,19
1480,22,128,0
1481,22,128,1
1482,22,128,2
1483,22,128,3
1484,22,128,4
1485,22,128,5
1486,22,128,6
1487,22,128,7
1488,22,128,8
1489,22,128,9
1490,22,128,10
1491,22,128,11
1492,22,128,12
1493,22,128,13
1494,22,128,14
1495,22,128,15
1496,22,128,16
1497,22,128,17
1498,22,128,18
1499,22,128,19
1500,22,129,0
1501,22,129,1
1502,22,129,2
1503,22,129,3
1504,22,129,4
1505,22,129,5
1506,22,129,6
1507,22,129,7
1508,22,129,8
1509,22,129,9
1510,22,129,10
1511,22,129,11
1512,22,129,12
1513,22,129,13
1514,22,129,14
1515,22,129,15
1516,22,129,16
1517,22,129,17
1518,22,129,18
1519,22,129,19
1520,22,130,0
1521,22,130,1
1522,22,130,2
1523,22,130,3
1524,22,130,4
1525,22,130,5
1526,22,130,6
1527,22,130,7
1528,22,130,8
1529,22,130,9
1530,22,130,10
1531,22,130,11
1532,22,130,12
1533,22,130,13
1534,22,130,14
1535,22,130,15
1536,22,130,16
1537,22,130,17
1538,22,130,18
1539,22,130,19
1540,22,131,0
1541,22,131,1
1542,22,131,2
1543,22,131,3
1544,22,131,4
1545,22,131,5
1546,22,131,6
1547,22,131,7
1548,22,131,8
1549,22,131,9
1550,22,131,10
1551,22,131,11
1552,22,131,12
1553,22,131,13
1554,22,131,14
1555,22,131,15
1556,22,131,16
1557,22,131,17
1558,22,131,18
1559,22,131,19
1560,22,132,0
1561,22,132,1
1562,22,132,2
1563,22,132,3
1564,22,132,4
1565,22,132,5
1566,22,132,6
1567,22,132,7
1568,22,132,8
1569,22,132,9
1570,22,132,10
1571,22,132,11
1572,22,132,12
1573,22,132,13
1574,22,132,14
1575,22,132,15
1576,22,132,16
1577,22,132,17
1578,22,132,18
1579,22,132,19
1580,22,133,0
1581,22,133,1
1582,22,133,2
1583,22,133,3
1584,22,133,4
1585,22,133,5
1586,22,133,6
1587,22,133,7
1588,22,133,8
1589,22,133,9
1590,22,133,10
1591,22,133,11
1592,22,133,12
1593,22,133,13
1594,22,133,14
1595,22,133,15
1596,22,133,16
1597,22,133,17
1598,22,133,18
1599,22,133,19
1600,22,134,0
1601,22,134,1
1602,22,134,2
1603,22,134,3
1604,22,134,4
1605,22,134,5
1606,22,134,6
1607,22,134,7
1608,22,134,8
1609,22,134,9
1610,22,134,10
1611,22,134,11
1612,22,134,12
1613,22,134,13
1614,22,134,14
1615,22,134,15
1616,22,134,16
1617,22,134,17
1618,22,134,18
1619,22,134,19
1620,22,135,0
1621,22,135,1
1622,22,135,2
1623,22,135,3
1624,22,135,4
1625,22,135,5
1626,22,135,6
1627,22,135,7
1628,22,135,8
1629,22,135,9
1630,22,135,10
1631,22,135,11
1632,22,135,12
1633,22,135,13
1634,22,135,14
1635,22,135,15
1636,22,135,16
1637,22,135,17
1638,22,135,18
1639,22,135,19
1640,22,136,0
1641,22,136,1
1642,22,136,2
1643,22,136,3
1644,22,136,4
1645,22,136,5
1646,22,136,6
1647,22,136,7
1648,22,136,8
1649,22,136,9
1650,22,136,10
1651,22,136,11
1652,22,136,12
1653,22,136,13
1654,22,136,14
1655,22,136,15
1656,22,136,16
1657,22,136,17
1658,22,136,18
1659,22,136,19
1660,22,137,0
1661,22,137,1
1662,22,137,2
1663,22,137,3
1664,22,137,4
1665,22,137,5
1666,22,137,6
1667,22,137,7
1668,22,137,8
1669,22,137,9
1670,22,137,10
1671,22,137,11
1672,22,137,12
1673,22,137,13
1674,22,137,14
1675,22,137,15
1676,22,137,16
1677,22,137,17
1678,22,137,18
1679,22,137,19
1680,22,138,0
1681,22,138,1
1682,22,138,2
1683,22,138,3
1684,22,138,4
1685,22,138,5
1686,22,138,6
1687,22,138,7
1688,22,138,8
1689,22,138,9
1690,22,138,10
1691,22,138,11
1692,22,138,12
1693,22,138,13
1694,22,138,14
1695,22,138,15
1696,22,138,16
1697,22,138,17
1698,22,138,18
1699,22,138,19
1700,22,139,0
1701,22,139,1
1702,22,139,2
1703,22,139,3
1704,22,139,4
1705,22,139,5
1706,22,139,6
1707,22,139,7
1708,22,139,8
1709,22,139,9
1710,22,139,10
1711,22,139,11
1712,22,139,12
1713,22,139,13
1714,22,139,14
1715,22,139,15
1716,22,139,16
1717,22,139,17
1718,22,139,18
1719,22,139,19
1720,22,140,0
1721,22,140,1
1722,22,140,2
1723,22,140,3
1724,22,140,4
1725,22,140,5
1726,22,140,6
1727,22,140,7
1728,22,140,8
1729,22,140,9
1730,22,140,10
1731,22,140,11
1732,22,140,12
1733,22,140,13
1734,22,140,14
1735,22,140,15
1736,22,140,16
1737,22,140,17
1738,22,140,18
1739,22,140,19
1740,22,141,0
1741,22,141,1
1742,22,141,2
1743,22,141,3
1744,22,141,4
1745,22,141,5
1746,22,141,6
1747,22,141,7
1748,22,141,8
1749,22,141,9
1750,22,141,10
1751,22,141,11
1752,22,141,12
1753,22,141,13
1754,22,141,14
1755,22,141,15
1756,22,141,16
1757,22,141,17
1758,22,141,18
1759,22,141,19
1760,22,142,0
1761,22,142,1
1762,22,142,2
1763,22,142,3
1764,22,142,4
1765,22,142,5
1766,22,142,6
1767,22,142,7
1768,22,142,8
1769,22,142,9
1770,22,142,10
1771,22,142,11
1772,22,142,12
1773,22,142,13
1774,22,142,14
1775,22,142,15
1776,22,142,16
1777,22,142,17
1778,22,142,18
1779,22,142,19
1780,22,143,0
1781,22,143,1
1782,22,143,2
1783,22,143,3
1784,22,143,4
1785,22,143,5
1786,22,143,6
1787,22,143,7
1788,22,143,8
1789,22,143,9
1790,22,143,10
1791,22,143,11
1792,22,143,12
1793,22,143,13
1794,22,143,14
1795,22,143,15
1796,22,143,16
1797,22,143,17
1798,22,143,18
1799,22,143,19
1800,23,144,0
1801,23,144,1
1802,23,144,2
1803,23,144,3
1804,23,144,4
1805,23,144,5
1806,23,144,6
1807,23,144,7
1808,23,144,8
1809,23,144,9
1810,23,144,10
1811,23,144,11
1812,23,144,12
1813,23,144,13
1814,23,144,14
1815,23,144,15
1816,23,144,16
1817,23,144,17
1818,23,144,18
1819,23,144,19
1820,23,145,0
1821,23,145,1
1822,23,145,2
1823,23,145,3
1824,23,145,4
1825,23,145,5
1826,23,145,6
1827,23,145,7
1828,23,145,8
1829,23,145,9
1830,23,145,10
1831,23,145,11
1832,23,145,12
1833,23,145,13
1834,23,145,14
1835,23,145,15
1836,23,145,16
1837,23,145,17
1838,23,145,18
1839,23,145,19
1840,23,146,0
1841,23,146,1
1842,23,146,2
1843,23,146,3
1844,23,146,4
1845,23,146,5
1846,23,146,6
1847,23,146,7
1848,23,146,8
1849,23,146,9
1850,23,146,10
1851,23,146,11
1852,23,146,12
1853,23,146,13
1854,23,146,14
1855,23,146,15
1856,23,146,16
1857,23,146,17
1858,23,146,18
1859,23,146,19
1860,23,147,0
1861,23,147,1
1862,23,147,2
1863,23,147,3
1864,23,147,4
1865,23,147,5
1866,23,147,6
1867,23,147,7
1868,23,147,8
1869,23,147,9
1870,23,147,10
1871,23,147,11
1872,23,147,12
1873,23,147,13
1874,23,147,14
1875,23,147,15
1876,23,147,16
1877,23,147,17
1878,23,147,18
1879,23,147,19
1880,23,148,0
1881,23,148,1
1882,23,148,2
1883,23,148,3
1884,23,148,4
1885,23,148,5
1886,23,148,6
1887,23,148,7
1888,23,148,8
1889,23,148,9
1890,23,148,10
1891,23,148,11
1892,23,148,12
1893,23,148,13
1894,23,148,14
1895,23,148,15
1896,23,148,16
1897,23,148,17
1898,23,148,18
1899,23,148,19
1900,23,149,0
1901,23,149,1
1902,23,149,2
1903,23,149,3
1904,23,149,4
1905,23,149,5
1906,23,149,6
1907,23,149,7
1908,23,149,8
1909,23,149,9
1910,23,149,10
1911,23,149,11
1912,23,149,12
1913,23,149,13
1914,23,149,14
1915,23,149,15
1916,23,149,16
1917,23,149,17
1918,23,149,18
1919,23,149,19
1920,23,150,0
1921,23,150,1
1922,23,150,2
1923,23,150,3
1924,23,150,4
1925,23,150,5
1926,23,150,6
1927,23,150,7
1928,23,150,8
1929,23,150,9
1930,23,150,10
1931,23,150,11
1932,23,150,12
1933,23,150,13
1934,23,150,14
1935,23,150,15
1936,23,150,16
1937,23,150,17
1938,23,150,18
1939,23,150,19
1940,23,151,0
1941,23,151,1
1942,23,151,2
1943,23,151,3
1944,23,151,4
1945,23,151,5
1946,23,151,6
1947,23,151,7
1948,23,151,8
1949,23,151,9
1950,23,151,10
1951,23,151,11
1952,23,151,12
1953,23,151,13
1954,23,151,14
1955,23,151,15
1956,23,151,16
1957,23,151,17
1958,23,151,18
1959,23,151,19
1960,23,152,0
1961,23,152,1
1962,23,152,2
1963,23,152,3
1964,23,152,4
1965,23,152,5
1966,23,152,6
1967,23,152,7
1968,23,152,8
1969,23,152,9
1970,23,152,10
1971,23,152,11
1972,23,152,12
1973,23,152,13
1974,23,152,14
1975,23,152,15
1976,23,152,16
1977,23,152,17
1978,23,152,18
1979,23,152,19
1980,23,153,0
1981,23,153,1
1982,23,153,2
1983,23,153,3
1984,23,153,4
1985,23,153,5
1986,23,153,6
1987,23,153,7
1988,23,153,8
1989,23,153,9
1990,23,153,10
1991,23,153,11
1992,23,153,12
1993,23,153,13
1994,23,153,14
1995,23,153,15
1996,23,153,16
1997,23,153,17
1998,23,153,18
1999,23,153,19
2000,23,154,0
2001,23,154,1
2002,23,154,2
2003,23,154,3
2004,23,154,4
2005,23,154,5
2006,23,154,6
2007,23,154,7
2008,23,154,8
2009,23,154,9
2010,23,154,10
2011,23,154,11
2012,23,154,12
2013,23,154,13
2014,23,154,14
2015,23,154,15
2016,23,154,16
2017,23,154,17
2018,23,154,18
2019,23,154,19
2020,23,155,0
2021,23,155,1
2022,23,155,2
2023,23,155,3
2024,23,155,4
2025,23,155,5
2026,23,155,6
2027,23,155,7
2028,23,155,8
2029,23,155,9
2030,23,155,10
2031,23,155,11
2032,23,155,12
2033,23,155,13
2034,23,155,14
2035,23,155,15
2036,23,155,16
2037,23,155,17
2038,23,155,18
2039,23,155,19
2040,23,156,0
2041,23,156,1
2042,23,156,2
2043,23,156,3
2044,23,156,4
2045,23,156,5
2046,23,156,6
2047,23,156,7
2048,23,156,8
2049,23,156,9
2050,23,156,10
2051,23,156,11
2052,23,156,12
2053,23,156,13
2054,23,156,14
2055,23,156,15
2056,23,156,16
2057,23,156,17
2058,23,156,18
2059,23,156,19
2060,23,157,0
2061,23,157,1
2062,23,157,2
2063,23,157,3
2064,23,157,4
2065,23,157,5
2066,23,157,6
2067,23,157,7
2068,23,157,8
2069,23,157,9
2070,23,157,10
2071,23,157,11
2072,23,157,12
2073,23,157,13
2074,23,157,14
2075,23,157,15
2076,23,157,16
2077,23,157,17
2078,23,157,18
2079,23,157,19
2080,23,158,0
2081,23,158,1
2082,23,158,2
2083,23,158,3
2084,23,158,4
2085,23,158,5
2086,23,158,6
2087,23,158,7
2088,23,158,8
2089,23,158,9
2090,23,158,10
2091,23,158,11
2092,23,158,12
2093,23,158,13
2094,23,158,14
2095,23,158,15
2096,23,158,16
2097,23,158,17
2098,23,158,18
2099,23,158,19
2100,23,159,0
2101,23,159,1
2102,23,159,2
2103,23,159,3
2104,23,159,4
2105,23,159,5
2106,23,159,6
2107,23,159,7
2108,23,159,8
2109,23,159,9
2110,23,159,10
2111,23,159,11
2112,23,159,12
2113,23,159,13
2114,23,159,14
2115,23,159,15
2116,23,159,16
2117,23,159,17
2118,23,159,18
2119,23,159,19
2120,23,160,0
2121,23,160,1
2122,23,160,2
2123,23,160,3
2124,23,160,4
2125,23,160,5
2126,23,160,6
2127,23,160,7
2128,23,160,8
2129,23,160,9
2130,23,160,10
2131,23,160,11
2132,23,160,12
2133,23,160,13
2134,23,160,14
2135,23,160,15
2136,23,160,16
2137,23,160,17
2138,23,160,18
2139,23,160,19
2140,23,161,0
2141,23,161,1
2142,23,161,2
2143,23,161,3
2144,23,161,4
2145,23,161,5
2146,23,161,6
2147,23,161,7
2148,23,161,8
2149,23,161,9
2150,23,161,10
2151,23,161,11
2152,23,161,12
2153,23,161,13
2154,23,161,14
2155,23,161,15
2156,23,161,16
2157,23,161,17
2158,23,161,18
2159,23,161,19
2160,24,162,0
2161,24,162,1
2162,24,162,2
2163,24,162,3
2164,24,162,4
2165,24,162,5
2166,24,162,6
2167,24,162,7
2168,24,162,8
2169,24,162,9
2170,24,162,10
2171,24,162,11
2172,24,162,12
2173,24,162,13
2174,24,162,14
2175,24,162,15
2176,24,162,16
2177,24,162,17
2178,24,162,18
2179,24,162,19
2180,24,163,0
2181,24,163,1
2182,24,163,2
2183,24,163,3
2184,24,163,4
2185,24,163,5
2186,24,163,6
2187,24,163,7
2188,24,163,8
2189,24,163,9
2190,24,163,10
2191,24,163,11
2192,24,163,12
2193,24,163,13
2194,24,163,14
2195,24,163,15
2196,24,163,16
2197,24,163,17
2198,24,163,18
2199,24,163,19
2200,24,164,0
2201,24,164,1
2202,24,164,2
2203,24,164,3
2204,24,164,4
2205,24,164,5
2206,24,164,6
2207,24,164,7
2208,24,164,8
2209,24,164,9
2210,24,164,10
2211,24,164,11
2212,24,164,12
2213,24,164,13
2214,24,164,14
2215,24,164,15
2216,24,164,16
2217,24,164,17
2218,24,164,18
2219,24,164,19
2220,24,165,0
2221,24,165,1
2222,24,165,2
2223,24,165,3
2224,24,165,4
2225,24,165,5
2226,24,165,6
2227,24,165,7
2228,24,165,8
2229,24,165,9
2230,24,165,10
2231,24,165,11
2232,24,165,12
2233,24,165,13
2234,24,165,14
2235,24,165,15
2236,24,165,16
2237,24,165,17
2238,24,165,18
2239,24,165,19
2240,24,166,0
2241,24,166,1
2242,24,166,2
2243,24,166,3
2244,24,166,4
2245,24,166,5
2246,24,166,6
2247,24,166,7
2248,24,166,8
2249,24,166,9
2250,24,166,10
2251,24,166,11
2252,24,166,12
2253,24,166,13
2254,24,166,14
2255,24,166,15
2256,24,166,16
2257,24,166,17
2258,24,166,18
2259,24,166,19
2260,24,167,0
2261,24,167,1
2262,24,167,2
2263,24,167,3
2264,24,167,4
2265,24,167,5
2266,24,167,6
2267,24,167,7
2268,24,167,8
2269,24,167,9
2270,24,167,10
2271,24,167,11
2272,24,167,12
2273,24,167,13
2274,24,167,14
2275,24,167,15
2276,24,167,16
2277,24,167,17
2278,24,167,18
2279,24,167,19
2280,24,168,0
2281,24,168,1
2282,24,168,2
2283,24,168,3
2284,24,168,4
2285,24,168,5
2286,24,168,6
2287,24,168,7
2288,24,168,8
2289,24,168,9
2290,24,168,10
2291,24,168,11
2292,24,168,12
2293,24,168,13
2294,24,168,14
2295,24,168,15
2296,24,168,16
2297,24,168,17
2298,24,168,18
2299,24,168,19
2300,24,169,0
2301,24,169,1
2302,24,169,2
2303,24,169,3
2304,24,169,4
2305,24,169,5
2306,24,169,6
2307,24,169,7
2308,24,169,8
2309,24,169,9
2310,24,169,10
2311,24,169,11
2312,24,169,12
2313,24,169,13
2314,24,169,14
2315,24,169,15
2316,24,169,16
2317,24,169,17
2318,24,169,18
2319,24,169,19
2320,24,170,0
2321,24,170,1
2322,24,170,2
2323,24,170,3
2324,24,170,4
2325,24,170,5
2326,24,170,6
2327,24,170,7
2328,24,170,8
2329,24,170,9
2330,24,170,10
2331,24,170,11
2332,24,170,12
2333,24,170,13
2334,24,170,14
2335,24,170,15
2336,24,170,16
2337,24,170,17
2338,24,170,18
2339,24,170,19
2340,24,171,0
2341,24,171,1
2342,24,171,2
2343,24,171,3
2344,24,171,4
2345,24,171,5
2346,24,171,6
2347,24,171,7
2348,24,171,8
2349,24,171,9
2350,24,171,10
2351,24,171,11
2352,24,171,12
2353,24,171,13
2354,24,171,14
2355,24,171,15
2356,24,171,16
2357,24,171,17
2358,24,171,18
2359,24,171,19
2360,24,172,0
2361,24,172,1
2362,24,172,2
2363,24,172,3
2364,24,172,4
2365,24,172,5
2366,24,172,6
2367,24,172,7
2368,24,172,8
2369,24,172,9
2370,24,172,10
2371,24,172,11
2372,24,172,12
2373,24,172,13
2374,24,172,14
2375,24,172,15
2376,24,172,16
2377,24,172,17
2378,24,172,18
2379,24,172,19
2380,24,173,0
2381,24,173,1
2382,24,173,2
2383,24,173,3
2384,24,173,4
2385,24,173,5
2386,24,173,6
2387,24,173,7
2388,24,173,8
2389,24,173,9
2390,24,173,10
2391,24,173,11
2392,24,173,12
2393,24,173,13
2394,24,173,14
2395,24,173,15
2396,24,173,16
2397,24,173,17
2398,24,173,18
2399,24,173,19
2400,24,174,0
2401,24,174,1
2402,24,174,2
2403,24,174,3
2404,24,174,4
2405,24,174,5
2406,24,174,6
2407,24,174,7
2408,24,174,8
2409,24,174,9
2410,24,174,10
2411,24,174,11
2412,24,174,12
2413,24,174,13
2414,24,174,14
2415,24,174,15
2416,24,174,16
2417,24,174,17
2418,24,174,18
2419,24,174,19
2420,24,175,0
2421,24,175,1
2422,24,175,2
2423,24,175,3
2424,24,175,4
2425,24,175,5
2426,24,175,6
2427,24,175,7
2428,24,175,8
2429,24,175,9
2430,24,175,10
2431,24,175,11
2432,24,175,12
2433,24,175,13
2434,24,175,14
2435,24,175,15
2436,24,175,16
2437,24,175,17
2438,24,175,18
2439,24,175,19
2440,24,176,0
2441,24,176,1
2442,24,176,2
2443,24,176,3
2444,24,176,4
2445,24,176,5
2446,24,176,6
2447,24,176,7
2448,24,176,8
2449,24,176,9
2450,24,176,10
2451,24,176,11
2452,24,176,12
2453,24,176,13
2454,24,176,14
2455,24,176,15
2456,24,176,16
2457,24,176,17
2458,24,176,18
2459,24,176,19
2460,24,177,0
2461,24,177,1
2462,24,177,2
2463,24,177,3
2464,24,177,4
2465,24,177,5
2466,24,177,6
2467,24,177,7
2468,24,177,8
2469,24,177,9
2470,24,177,10
2471,24,177,11
2472,24,177,12
2473,24,177,13
2474,24,177,14
2475,24,177,15
2476,24,177,16
2477,24,177,17
2478,24,177,18
2479,24,177,19
2480,24,178,0
2481,24,178,1
2482,24,178,2
2483,24,178,3
2484,24,178,4
2485,24,178,5
2486,24,178,6
2487,24,178,7
2488,24,178,8
2489,24,178,9
2490,24,178,10
2491,24,178,11
2492,24,178,12
2493,24,178,13
2494,24,178,14
2495,24,178,15
2496,24,178,16
2497,24,178,17
2498,24,178,18
2499,24,178,19
2500,24,179,0
2501,24,179,1
2502,24,179,2
2503,24,179,3
2504,24,179,4
2505,24,179,5
2506,24,179,6
2507,24,179,7
2508,24,179,8
2509,24,179,9
2510,24,179,10
2511,24,179,11
2512,24,179,12
2513,24,179,13
2514,24,179,14
2515,24,179,15
2516,24,179,16
2517,24,179,17
2518,24,179,18
2519,24,179,19
2520,29,180,0
2521,29,180,1
2522,29,180,2
2523,29,180,3
2524,29,180,4
2525,29,180,5
2526,29,180,6
2527,29,180,7
2528,29,180,8
2529,29,180,9
2530,29,180,10
2531,29,180,11
2532,29,180,12
2533,29,180,13
2534,29,180,14
2535,29,180,15
2536,29,180,16
2537,29,180,17
2538,29,180,18
2539,29,180,19
2540,29,181,0
2541,29,181,1
2542,29,181,2
2543,29,181,3
2544,29,181,4
2545,29,181,5
2546,29,181,6
2547,29,181,7
2548,29,181,8
2549,29,181,9
2550,29,181,10
2551,29,181,11
2552,29,181,12
2553,29,181,13
2554,29,181,14
2555,29,181,15
2556,29,181,16
2557,29,181,17
2558,29,181,18
2559,29,181,19
2560,29,182,0
2561,29,182,1
2562,29,182,2
2563,29,182,3
2564,29,182,4
2565,29,182,5
2566,29,182,6
2567,29,182,7
2568,29,182,8
2569,29,182,9
2570,29,182,10
2571,29,182,11
2572,29,182,12
2573,29,182,13
2574,29,182,14
2575,29,182,15
2576,29,182,16
2577,29,182,17
2578,29,182,18
2579,29,182,19
2580,29,183,0
2581,29,183,1
2582,29,183,2
2583,29,183,3
2584,29,183,4
2585,29,183,5
2586,29,183,6
2587,29,183,7
2588,29,183,8
2589,29,183,9
2590,29,183,10
2591,29,183,11
2592,29,183,12
2593,29,183,13
2594,29,183,14
2595,29,183,15
2596,29,183,16
2597,29,183,17
2598,29,183,18
2599,29,183,19
2600,29,184,0
2601,29,184,1
2602,29,184,2
2603,29,184,3
2604,29,184,4
2605,29,184,5
2606,29,184,6
2607,29,184,7
2608,29,184,8
2609,29,184,9
2610,29,184,10
2611,29,184,11
2612,29,184,12
2613,29,184,13
2614,29,184,14
2615,29,184,15
2616,29,184,16
2617,29,184,17
2618,29,184,18
2619,29,184,19
2620,29,185,0
2621,29,185,1
2622,29,185,2
2623,29,185,3
2624,29,185,4
2625,29,185,5
2626,29,185,6
2627,29,185,7
2628,29,185,8
2629,29,185,9
2630,29,185,10
2631,29,185,11
2632,29,185,12
2633,29,185,13
2634,29,185,14
2635,29,185,15
2636,29,185,16
2637,29,185,17
2638,29,185,18
2639,29,185,19
2640,29,186,0
2641,29,186,1
2642,29,186,2
2643,29,186,3
2644,29,186,4
2645,29,186,5
2646,29,186,6
2647,29,186,7
2648,29,186,8
2649,29,186,9
2650,29,186,10
2651,29,186,11
2652,29,186,12
2653,29,186,13
2654,29,186,14
2655,29,186,15
2656,29,186,16
2657,29,186,17
2658,29,186,18
2659,29,186,19
2660,29,187,0
2661,29,187,1
2662,29,187,2
2663,29,187,3
2664,29,187,4
2665,29,187,5
2666,29,187,6
2667,29,187,7
2668,29,187,8
2669,29,187,9
2670,29,187,10
2671,29,187,11
2672,29,187,12
2673,29,187,13
2674,29,187,14
2675,29,187,15
2676,29,187,16
2677,29,187,17
2678,29,187,18
2679,29,187,19
2680,29,188,0
2681,29,188,1
2682,29,188,2
2683,29,188,3
2684,29,188,4
2685,29,188,5
2686,29,188,6
2687,29,188,7
2688,29,188,8
2689,29,188,9
2690,29,188,10
2691,29,188,11
2692,29,188,12
2693,29,188,13
2694,29,188,14
2695,29,188,15
2696,29,188,16
2697,29,188,17
2698,29,188,18
2699,29,188,19
2700,29,189,0
2701,29,189,1
2702,29,189,2
2703,29,189,3
2704,29,189,4
2705,29,189,5
2706,29,189,6
2707,29,189,7
2708,29,189,8
2709,29,189,9
2710,29,189,10
2711,29,189,11
2712,29,189,12
2713,29,189,13
2714,29,189,14
2715,29,189,15
2716,29,189,16
2717,29,189,17
2718,29,189,18
2719,29,189,19
2720,29,190,0
2721,29,190,1
2722,29,190,2
2723,29,190,3
2724,29,190,4
2725,29,190,5
2726,29,190,6
2727,29,190,7
2728,29,190,8
2729,29,190,9
2730,29,190,10
2731,29,190,11
2732,29,190,12
2733,29,190,13
2734,29,190,14
2735,29,190,15
2736,29,190,16
2737,29,190,17
2738,29,190,18
2739,29,190,19
2740,29,191,0
2741,29,191,1
2742,29,191,2
2743,29,191,3
2744,29,191,4
2745,29,191,5
2746,29,191,6
2747,29,191,7
2748,29,191,8
2749,29,191,9
2750,29,191,10
2751,29,191,11
2752,29,191,12
2753,29,191,13
2754,29,191,14
2755,29,191,15
2756,29,191,16
2757,29,191,17
2758,29,191,18
2759,29,191,19
2760,29,192,0
2761,29,192,1
2762,29,192,2
2763,29,192,3
2764,29,192,4
2765,29,192,5
2766,29,192,6
2767,29,192,7
2768,29,192,8
2769,29,192,9
2770,29,192,10
2771,29,192,11
2772,29,192,12
2773,29,192,13
2774,29,192,14
2775,29,192,15
2776,29,192,16
2777,29,192,17
2778,29,192,18
2779,29,192,19
2780,29,193,0
2781,29,193,1
2782,29,193,2
2783,29,193,3
2784,29,193,4
2785,29,193,5
2786,29,193,6
2787,29,193,7
2788,29,193,8
2789,29,193,9
2790,29,193,10
2791,29,193,11
2792,29,193,12
2793,29,193,13
2794,29,193,14
2795,29,193,15
2796,29,193,16
2797,29,193,17
2798,29,193,18
2799,29,193,19
2800,29,194,0
2801,29,194,1
2802,29,194,2
2803,29,194,3
2804,29,194,4
2805,29,194,5
2806,29,194,6
2807,29,194,7
2808,29,194,8
2809,29,194,9
2810,29,194,10
2811,29,194,11
2812,29,194,12
2813,29,194,13
2814,29,194,14
2815,29,194,15
2816,29,194,16
2817,29,194,17
2818,29,194,18
2819,29,194,19
2820,29,195,0
2821,29,195,1
2822,29,195,2
2823,29,195,3
2824,29,195,4
2825,29,195,5
2826,29,195,6
2827,29,195,7
2828,29,195,8
2829,29,195,9
2830,29,195,10
2831,29,195,11
2832,29,195,12
2833,29,195,13
2834,29,195,14
2835,29,195,15
2836,29,195,16
2837,29,195,17
2838,29,195,18
2839,29,195,19
2840,29,196,0
2841,29,196,1
2842,29,196,2
2843,29,196,3
2844,29,196,4
2845,29,196,5
2846,29,196,6
2847,29,196,7
2848,29,196,8
2849,29,196,9
2850,29,196,10
2851,29,196,11
2852,29,196,12
2853,29,196,13
2854,29,196,14
2855,29,196,15
2856,29,196,16
2857,29,196,17
2858,29,196,18
2859,29,196,19
2860,29,197,0
2861,29,197,1
2862,29,197,2
2863,29,197,3
2864,29,197,4
2865,29,197,5
2866,29,197,6
2867,29,197,7
2868,29,197,8
2869,29,197,9
2870,29,197,10
2871,29,197,11
2872,29,197,12
2873,29,197,13
2874,29,197,14
2875,29,197,15
2876,29,197,16
2877,29,197,17
2878,29,197,18
2879,29,197,19
2880,30,198,0
2881,30,198,1
2882,30,198,2
2883,30,198,3
2884,30,198,4
2885,30,198,5
2886,30,198,6
2887,30,198,7
2888,30,198,8
2889,30,198,9
2890,30,198,10
2891,30,198,11
2892,30,198,12
2893,30,198,13
2894,30,198,14
2895,30,198,15
2896,30,198,16
2897,30,198,17
2898,30,198,18
2899,30,198,19
2900,30,199,0
2901,30,199,1
2902,30,199,2
2903,30,199,3
2904,30,199,4
2905,30,199,5
2906,30,199,6
2907,30,199,7
2908,30,199,8
2909,30,199,9
2910,30,199,10
2911,30,199,11
2912,30,199,12
2913,30,199,13
2914,30,199,14
2915,30,199,15
2916,30,199,16
2917,30,199,17
2918,30,199,18
2919,30,199,19
2920,30,200,0
2921,30,200,1
2922,30,200,2
2923,30,200,3
2924,30,200,4
2925,30,200,5
2926,30,200,6
2927,30,200,7
2928,30,200,8
2929,30,200,9
2930,30,200,10
2931,30,200,11
2932,30,200,12
2933,30,200,13
2934,30,200,14
2935,30,200,15
2936,30,200,16
2937,30,200,17
2938,30,200,18
2939,30,200,19
2940,30,201,0
2941,30,201,1
2942,30,201,2
2943,30,201,3
2944,30,201,4
2945,30,201,5
2946,30,201,6
2947,30,201,7
2948,30,201,8
2949,30,201,9
2950,30,201,10
2951,30,201,11
2952,30,201,12
2953,30,201,13
2954,30,201,14
2955,30,201,15
2956,30,201,16
2957,30,201,17
2958,30,201,18
2959,30,201,19
2960,30,202,0
2961,30,202,1
2962,30,202,2
2963,30,202,3
2964,30,202,4
2965,30,202,5
2966,30,202,6
2967,30,202,7
2968,30,202,8
2969,30,202,9
2970,30,202,10
2971,30,202,11
2972,30,202,12
2973,30,202,13
2974,30,202,14
2975,30,202,15
2976,30,202,16
2977,30,202,17
2978,30,202,18
2979,30,202,19
2980,30,203,0
2981,30,203,1
2982,30,203,2
2983,30,203,3
2984,30,203,4
2985,30,203,5
2986,30,203,6
2987,30,203,7
2988,30,203,8
2989,30,203,9
2990,30,203,10
2991,30,203,11
2992,30,203,12
2993,30,203,13
2994,30,203,14
2995,30,203,15
2996,30,203,16
2997,30,203,17
2998,30,203,18
2999,30,203,19
3000,30,204,0
3001,30,204,1
3002,30,204,2
3003,30,204,3
3004,30,204,4
3005,30,204,5
3006,30,204,6
3007,30,204,7
3008,30,204,8
3009,30,204,9
3010,30,204,10
3011,30,204,11
3012,30,204,12
3013,30,204,13
3014,30,204,14
3015,30,204,15
3016,30,204,16
3017,30,204,17
3018,30,204,18
3019,30,204,19
3020,30,205,0
3021,30,205,1
3022,30,205,2
3023,30,205,3
3024,30,205,4
3025,30,205,5
3026,30,205,6
3027,30,205,7
3028,30,205,8
3029,30,205,9
3030,30,205,10
3031,30,205,11
3032,30,205,12
3033,30,205,13
3034,30,205,14
3035,30,205,15
3036,30,205,16
3037,30,205,17
3038,30,205,18
3039,30,205,19
3040,30,206,0
3041,30,206,1
3042,30,206,2
3043,30,206,3
3044,30,206,4
3045,30,206,5
3046,30,206,6
3047,30,206,7
3048,30,206,8
3049,30,206,9
3050,30,206,10
3051,30,206,11
3052,30,206,12
3053,30,206,13
3054,30,206,14
3055,30,206,15
3056,30,206,16
3057,30,206,17
3058,30,206,18
3059,30,206,19
3060,30,207,0
3061,30,207,1
3062,30,207,2
3063,30,207,3
3064,30,207,4
3065,30,207,5
3066,30,207,6
3067,30,207,7
3068,30,207,8
3069,30,207,9
3070,30,207,10
3071,30,207,11
3072,30,207,12
3073,30,207,13
3074,30,207,14
3075,30,207,15
3076,30,207,16
3077,30,207,17
3078,30,207,18
3079,30,207,19
3080,30,208,0
3081,30,208,1
3082,30,208,2
3083,30,208,3
3084,30,208,4
3085,30,208,5
3086,30,208,6
3087,30,208,7
3088,30,208,8
3089,30,208,9
3090,30,208,10
3091,30,208,11
3092,30,208,12
3093,30,208,13
3094,30,208,14
3095,30,208,15
3096,30,208,16
3097,30,208,17
3098,30,208,18
3099,30,208,19
3100,30,209,0
3101,30,209,1
3102,30,209,2
3103,30,209,3
3104,30,209,4
3105,30,209,5
3106,30,209,6
3107,30,209,7
3108,30,209,8
3109,30,209,9
3110,30,209,10
3111,30,209,11
3112,30,209,12
3113,30,209,13
3114,30,209,14
3115,30,209,15
3116,30,209,16
3117,30,209,17
3118,30,209,18
3119,30,209,19
3120,30,210,0
3121,30,210,1
3122,30,210,2
3123,30,210,3
3124,30,210,4
3125,30,210,5
3126,30,210,6
3127,30,210,7
3128,30,210,8
3129,30,210,9
3130,30,210,10
3131,30,210,11
3132,30,210,12
3133,30,210,13
3134,30,210,14
3135,30,210,15
3136,30,210,16
3137,30,210,17
3138,30,210,18
3139,30,210,19
3140,30,211,0
3141,30,211,1
3142,30,211,2
3143,30,211,3
3144,30,211,4
3145,30,211,5
3146,30,211,6
3147,30,211,7
3148,30,211,8
3149,30,211,9
3150,30,211,10
3151,30,211,11
3152,30,211,12
3153,30,211,13
3154,30,211,14
3155,30,211,15
3156,30,211,16
3157,30,211,17
3158,30,211,18
3159,30,211,19
3160,30,212,0
3161,30,212,1
3162,30,212,2
3163,30,212,3
3164,30,212,4
3165,30,212,5
3166,30,212,6
3167,30,212,7
3168,30,212,8
3169,30,212,9
3170,30,212,10
3171,30,212,11
3172,30,212,12
3173,30,212,13
3174,30,212,14
3175,30,212,15
3176,30,212,16
3177,30,212,17
3178,30,212,18
3179,30,212,19
3180,30,213,0
3181,30,213,1
3182,30,213,2
3183,30,213,3
3184,30,213,4
3185,30,213,5
3186,30,213,6
3187,30,213,7
3188,30,213,8
3189,30,213,9
3190,30,213,10
3191,30,213,11
3192,30,213,12
3193,30,213,13
3194,30,213,14
3195,30,213,15
3196,30,213,16
3197,30,213,17
3198,30,213,18
3199,30,213,19
3200,30,214,0
3201,30,214,1
3202,30,214,2
3203,30,214,3
3204,30,214,4
3205,30,214,5
3206,30,214,6
3207,30,214,7
3208,30,214,8
3209,30,214,9
3210,30,214,10
3211,30,214,11
3212,30,214,12
3213,30,214,13
3214,30,214,14
3215,30,214,15
3216,30,214,16
3217,30,214,17
3218,30,214,18
3219,30,214,19
3220,30,215,0
3221,30,215,1
3222,30,215,2
3223,30,215,3
3224,30,215,4
3225,30,215,5
3226,30,215,6
3227,30,215,7
3228,30,215,8
3229,30,215,9
3230,30,215,10
3231,30,215,11
3232,30,215,12
3233,30,215,13
3234,30,215,14
3235,30,215,15
3236,30,215,16
3237,30,215,17
3238,30,215,18
3239,30,215,19
3240,35,216,0
3241,35,216,1
3242,35,216,2
3243,35,216,3
3244,35,216,4
3245,35,216,5
3246,35,216,6
3247,35,216,7
3248,35,216,8
3249,35,216,9
3250,35,216,10
3251,35,216,11
3252,35,216,12
3253,35,216,13
3254,35,216,14
3255,35,216,15
3256,35,216,16
3257,35,216,17
3258,35,216,18
3259,35,216,19
3260,35,217,0
3261,35,217,1
3262,35,217,2
3263,35,217,3
3264,35,217,4
3265,35,217,5
3266,35,217,6
3267,35,217,7
3268,35,217,8
3269,35,217,9
3270,35,217,10
3271,35,217,11
3272,35,217,12
3273,35,217,13
3274,35,217,14
3275,35,217,15
3276,35,217,16
3277,35,217,17
3278,35,217,18
3279,35,217,19
3280,35,218,0
3281,35,218,1
3282,35,218,2
3283,35,218,3
3284,35,218,4
3285,35,218,5
3286,35,218,6
3287,35,218,7
3288,35,218,8
3289,35,218,9
3290,35,218,10
3291,35,218,11
3292,35,218,12
3293,35,218,13
3294,35,218,14
3295,35,218,15
3296,35,218,16
3297,35,218,17
3298,35,218,18
3299,35,218,19
3300,35,219,0
3301,35,219,1
3302,35,219,2
3303,35,219,3
3304,35,219,4
3305,35,219,5
3306,35,219,6
3307,35,219,7
3308,35,219,8
3309,35,219,9
3310,35,219,10
3311,35,219,11
3312,35,219,12
3313,35,219,13
3314,35,219,14
3315,35,219,15
3316,35,219,16
3317,35,219,17
3318,35,219,18
3319,35,219,19
3320,35,220,0
3321,35,220,1
3322,35,220,2
3323,35,220,3
3324,35,220,4
3325,35,220,5
3326,35,220,6
3327,35,220,7
3328,35,220,8
3329,35,220,9
3330,35,220,10
3331,35,220,11
3332,35,220,12
3333,35,220,13
3334,35,220,14
3335,35,220,15
3336,35,220,16
3337,35,220,17
3338,35,220,18
3339,35,220,19
3340,35,221,0
3341,35,221,1
3342,35,221,2
3343,35,221,3
3344,35,221,4
3345,35,221,5
3346,35,221,6
3347,35,221,7
3348,35,221,8
3349,35,221,9
3350,35,221,10
3351,35,221,11
3352,35,221,12
3353,35,221,13
3354,35,221,14
3355,35,221,15
3356,35,221,16
3357,35,221,17
3358,35,221,18
3359,35,221,19
3360,35,222,0
3361,35,222,1
3362,35,222,2
3363,35,222,3
3364,35,222,4
3365,35,222,5
3366,35,222,6
3367,35,222,7
3368,35,222,8
3369,35,222,9
3370,35,222,10
3371,35,222,11
3372,35,222,12
3373,35,222,13
3374,35,222,14
3375,35,222,15
3376,35,222,16
3377,35,222,17
3378,35,222,18
3379,35,222,19
3380,35,223,0
3381,35,223,1
3382,35,223,2
3383,35,223,3
3384,35,223,4
3385,35,223,5
3386,35,223,6
3387,35,223,7
3388,35,223,8
3389,35,223,9
3390,35,223,10
3391,35,223,11
3392,35,223,12
3393,35,223,13
3394,35,223,14
3395,35,223,15
3396,35,223,16
3397,35,223,17
3398,35,223,18
3399,35,223,19
3400,35,224,0
3401,35,224,1
3402,35,224,2
3403,35,224,3
3404,35,224,4
3405,35,224,5
3406,35,224,6
3407,35,224,7
3408,35,224,8
3409,35,224,9
3410,35,224,10
3411,35,224,11
3412,35,224,12
3413,35,224,13
3414,35,224,14
3415,35,224,15
3416,35,224,16
3417,35,224,17
3418,35,224,18
3419,35,224,19
3420,35,225,0
3421,35,225,1
3422,35,225,2
3423,35,225,3
3424,35,225,4
3425,35,225,5
3426,35,225,6
3427,35,225,7
3428,35,225,8
3429,35,225,9
3430,35,225,10
3431,35,225,11
3432,35,225,12
3433,35,225,13
3434,35,225,14
3435,35,225,15
3436,35,225,16
3437,35,225,17
3438,35,225,18
3439,35,225,19
3440,35,226,0
3441,35,226,1
3442,35,226,2
3443,35,226,3
3444,35,226,4
3445,35,226,5
3446,35,226,6
3447,35,226,7
3448,35,226,8
3449,35,226,9
3450,35,226,10
3451,35,226,11
3452,35,226,12
3453,35,226,13
3454,35,226,14
3455,35,226,15
3456,35,226,16
3457,35,226,17
3458,35,226,18
3459,35,226,19
3460,35,227,0
3461,35,227,1
3462,35,227,2
3463,35,227,3
3464,35,227,4
3465,35,227,5
3466,35,227,6
3467,35,227,7
3468,35,227,8
3469,35,227,9
3470,35,227,10
3471,35,227,11
3472,35,227,12
3473,35,227,13
3474,35,227,14
3475,35,227,15
3476,35,227,16
3477,35,227,17
3478,35,227,18
3479,35,227,19
3480,35,228,0
3481,35,228,1
3482,35,228,2
3483,35,228,3
3484,35,228,4
3485,35,228,5
3486,35,228,6
3487,35,228,7
3488,35,228,8
3489,35,228,9
3490,35,228,10
3491,35,228,11
3492,35,228,12
3493,35,228,13
3494,35,228,14
3495,35,228,15
3496,35,228,16
3497,35,228,17
3498,35,228,18
3499,35,228,19
3500,35,229,0
3501,35,229,1
3502,35,229,2
3503,35,229,3
3504,35,229,4
3505,35,229,5
3506,35,229,6
3507,35,229,7
3508,35,229,8
3509,35,229,9
3510,35,229,10
3511,35,229,11
3512,35,229,12
3513,35,229,13
3514,35,229,14
3515,35,229,15
3516,35,229,16
3517,35,229,17
3518,35,229,18
3519,35,229,19
3520,35,230,0
3521,35,230,1
3522,35,230,2
3523,35,230,3
3524,35,230,4
3525,35,230,5
3526,35,230,6
3527,35,230,7
3528,35,230,8
3529,35,230,9
3530,35,230,10
3531,35,230,11
3532,35,230,12
3533,35,230,13
3534,35,230,14
3535,35,230,15
3536,35,230,16
3537,35,230,17
3538,35,230,18
3539,35,230,19
3540,35,231,0
3541,35,231,1
3542,35,231,2
3543,35,231,3
3544,35,231,4
3545,35,231,5
3546,35,231,6
3547,35,231,7
3548,35,231,8
3549,35,231,9
3550,35,231,10
3551,35,231,11
3552,35,231,12
3553,35,231,13
3554,35,231,14
3555,35,231,15
3556,35,231,16
3557,35,231,17
3558,35,231,18
3559,35,231,19
3560,35,232,0
3561,35,232,1
3562,35,232,2
3563,35,232,3
3564,35,232,4
3565,35,232,5
3566,35,232,6
3567,35,232,7
3568,35,232,8
3569,35,232,9
3570,35,232,10
3571,35,232,11
3572,35,232,12
3573,35,232,13
3574,35,232,14
3575,35,232,15
3576,35,232,16
3577,35,232,17
3578,35,232,18
3579,35,232,19
3580,35,233,0
3581,35,233,1
3582,35,233,2
3583,35,233,3
3584,35,233,4
3585,35,233,5
3586,35,233,6
3587,35,233,7
3588,35,233,8
3589,35,233,9
3590,35,233,10
3591,35,233,11
3592,35,233,12
3593,35,233,13
3594,35,233,14
3595,35,233,15
3596,35,233,16
3597,35,233,17
3598,35,233,18
3599,35,233,19
3600,36,234,0
3601,36,234,1
3602,36,234,2
3603,36,234,3
3604,36,234,4
3605,36,234,5
3606,36,234,6
3607,36,234,7
3608,36,234,8
3609,36,234,9
3610,36,234,10
3611,36,234,11
3612,36,234,12
3613,36,234,13
3614,36,234,14
3615,36,234,15
3616,36,234,16
3617,36,234,17
3618,36,234,18
3619,36,234,19
3620,36,235,0
3621,36,235,1
3622,36,235,2
3623,36,235,3
3624,36,235,4
3625,36,235,5
3626,36,235,6
3627,36,235,7
3628,36,235,8
3629,36,235,9
3630,36,235,10
3631,36,235,11
3632,36,235,12
3633,36,235,13
3634,36,235,14
3635,36,235,15
3636,36,235,16
3637,36,235,17
3638,36,235,18
3639,36,235,19
3640,36,236,0
3641,36,236,1
3642,36,236,2
3643,36,236,3
3644,36,236,4
3645,36,236,5
3646,36,236,6
3647,36,236,7
3648,36,236,8
3649,36,236,9
3650,36,236,10
3651,36,236,11
3652,36,236,12
3653,36,236,13
3654,36,236,14
3655,36,236,15
3656,36,236,16
3657,36,236,17
3658,36,236,18
3659,36,236,19
3660,36,237,0
3661,36,237,1
3662,36,237,2
3663,36,237,3
3664,36,237,4
3665,36,237,5
3666,36,237,6
3667,36,237,7
3668,36,237,8
3669,36,237,9
3670,36,237,10
3671,36,237,11
3672,36,237,12
3673,36,237,13
3674,36,237,14
3675,36,237,15
3676,36,237,16
3677,36,237,17
3678,36,237,18
3679,36,237,19
3680,36,238,0
3681,36,238,1
3682,36,238,2
3683,36,238,3
3684,36,238,4
3685,36,238,5
3686,36,238,6
3687,36,238,7
3688,36,238,8
3689,36,238,9
3690,36,238,10
3691,36,238,11
3692,36,238,12
3693,36,238,13
3694,36,238,14
3695,36,238,15
3696,36,238,16
3697,36,238,17
3698,36,238,18
3699,36,238,19
3700,36,239,0
3701,36,239,1
3702,36,239,2
3703,36,239,3
3704,36,239,4
3705,36,239,5
3706,36,239,6
3707,36,239,7
3708,36,239,8
3709,36,239,9
3710,36,239,10
3711,36,239,11
3712,36,239,12
3713,36,239,13
3714,36,239,14
3715,36,239,15
3716,36,239,16
3717,36,239,17
3718,36,239,18
3719,36,239,19
3720,36,240,0
3721,36,240,1
3722,36,240,2
3723,36,240,3
3724,36,240,4
3725,36,240,5
3726,36,240,6
3727,36,240,7
3728,36,240,8
3729,36,240,9
3730,36,240,10
3731,36,240,11
3732,36,240,12
3733,36,240,13
3734,36,240,14
3735,36,240,15
3736,36,240,16
3737,36,240,17
3738,36,240,18
3739,36,240,19
3740,36,241,0
3741,36,241,1
3742,36,241,2
3743,36,241,3
3744,36,241,4
3745,36,241,5
3746,36,241,6
3747,36,241,7
3748,36,241,8
3749,36,241,9
3750,36,241,10
3751,36,241,11
3752,36,241,12
3753,36,241,13
3754,36,241,14
3755,36,241,15
3756,36,241,16
3757,36,241,17
3758,36,241,18
3759,36,241,19
3760,36,242,0
3761,36,242,1
3762,36,242,2
3763,36,242,3
3764,36,242,4
3765,36,242,5
3766,36,242,6
3767,36,242,7
3768,36,242,8
3769,36,242,9
3770,36,242,10
3771,36,242,11
3772,36,242,12
3773,36,242,13
3774,36,242,14
3775,36,242,15
3776,36,242,16
3777,36,242,17
3778,36,242,18
3779,36,242,19
3780,36,243,0
3781,36,243,1
3782,36,243,2
3783,36,243,3
3784,36,243,4
3785,36,243,5
3786,36,243,6
3787,36,243,7
3788,36,243,8
3789,36,243,9
3790,36,243,10
3791,36,243,11
3792,36,243,12
3793,36,243,13
3794,36,243,14
3795,36,243,15
3796,36,243,16
3797,36,243,17
3798,36,243,18
3799,36,243,19
3800,36,244,0
3801,36,244,1
3802,36,244,2
3803,36,244,3
3804,36,244,4
3805,36,244,5
3806,36,244,6
3807,36,244,7
3808,36,244,8
3809,36,244,9
3810,36,244,10
3811,36,244,11
3812,36,244,12
3813,36,244,13
3814,36,244,14
3815,36,244,15
3816,36,244,16
3817,36,244,17
3818,36,244,18
3819,36,244,19
3820,36,245,0
3821,36,245,1
3822,36,245,2
3823,36,245,3
3824,36,245,4
3825,36,245,5
3826,36,245,6
3827,36,245,7
3828,36,245,8
3829,36,245,9
3830,36,245,10
3831,36,245,11
3832,36,245,12
3833,36,245,13
3834,36,245,14
3835,36,245,15
3836,36,245,16
3837,36,245,17
3838,36,245,18
3839,36,245,19
3840,36,246,0
3841,36,246,1
3842,36,246,2
3843,36,246,3
3844,36,246,4
3845,36,246,5
3846,36,246,6
3847,36,246,7
3848,36,246,8
3849,36,246,9
3850,36,246,10
3851,36,246,11
3852,36,246,12
3853,36,246,13
3854,36,246,14
3855,36,246,15
3856,36,246,16
3857,36,246,17
3858,36,246,18
3859,36,246,19
3860,36,247,0
3861,36,247,1
3862,36,247,2
3863,36,247,3
3864,36,247,4
3865,36,247,5
3866,36,247,6
3867,36,247,7
3868,36,247,8
3869,36,247,9
3870,36,247,10
3871,36,247,11
3872,36,247,12
3873,36,247,13
3874,36,247,14
3875,36,247,15
3876,36,247,16
3877,36,247,17
3878,36,247,18
3879,36,247,19
3880,36,248,0
3881,36,248,1
3882,36,248,2
3883,36,248,3
3884,36,248,4
3885,36,248,5
3886,36,248,6
3887,36,248,7
3888,36,248,8
3889,36,248,9
3890,36,248,10
3891,36,248,11
3892,36,248,12
3893,36,248,13
3894,36,248,14
3895,36,248,15
3896,36,248,16
3897,36,248,17
3898,36,248,18
3899,36,248,19
3900,36,249,0
3901,36,249,1
3902,36,249,2
3903,36,249,3
3904,36,249,4
3905,36,249,5
3906,36,249,6
3907,36,249,7
3908,36,249,8
3909,36,249,9
3910,36,249,10
3911,36,249,11
3912,36,249,12
3913,36,249,13
3914,36,249,14
3915,36,249,15
3916,36,249,16
3917,36,249,17
3918,36,249,18
3919,36,249,19
3920,36,250,0
3921,36,250,1
3922,36,250,2
3923,36,250,3
3924,36,250,4
3925,36,250,5
3926,36,250,6
3927,36,250,7
3928,36,250,8
3929,36,250,9
3930,36,250,10
3931,36,250,11
3932,36,250,12
3933,36,250,13
3934,36,250,14
3935,36,250,15
3936,36,250,16
3937,36,250,17
3938,36,250,18
3939,36,250,19
3940,36,251,0
3941,36,251,1
3942,36,251,2
3943,36,251,3
3944,36,251,4
3945,36,251,5
3946,36,251,6
3947,36,251,7
3948,36,251,8
3949,36,251,9
3950,36,251,10
3951,36,251,11
3952,36,251,12
3953,36,251,13
3954,36,251,14
3955,36,251,15
3956,36,251,16
3957,36,251,17
3958,36,251,18
3959,36,251,19
3960,38,252,0
3961,38,252,1
3962,38,252,2
3963,38,252,3
3964,38,252,4
3965,38,252,5
3966,38,252,6
3967,38,252,7
3968,38,252,8
3969,38,252,9
3970,38,252,10
3971,38,252,11
3972,38,252,12
3973,38,252,13
3974,38,252,14
3975,38,252,15
3976,38,252,16
3977,38,252,17
3978,38,252,18
3979,38,252,19
3980,38,253,0
3981,38,253,1
3982,38,253,2
3983,38,253,3
3984,38,253,4
3985,38,253,5
3986,38,253,6
3987,38,253,7
3988,38,253,8
3989,38,253,9
3990,38,253,10
3991,38,253,11
3992,38,253,12
3993,38,253,13
3994,38,253,14
3995,38,253,15
3996,38,253,16
3997,38,253,17
3998,38,253,18
3999,38,253,19
4000,38,254,0
4001,38,254,1
4002,38,254,2
4003,38,254,3
4004,38,254,4
4005,38,254,5
4006,38,254,6
4007,38,254,7
4008,38,254,8
4009,38,254,9
4010,38,254,10
4011,38,254,11
4012,38,254,12
4013,38,254,13
4014,38,254,14
4015,38,254,15
4016,38,254,16
4017,38,254,17
4018,38,254,18
4019,38,254,19
4020,38,255,0
4021,38,255,1
4022,38,255,2
4023,38,255,3
4024,38,255,4
4025,38,255,5
4026,38,255,6
4027,38,255,7
4028,38,255,8
4029,38,255,9
4030,38,255,10
4031,38,255,11
4032,38,255,12
4033,38,255,13
4034,38,255,14
4035,38,255,15
4036,38,255,16
4037,38,255,17
4038,38,255,18
4039,38,255,19
4040,38,256,0
4041,38,256,1
4042,38,256,2
4043,38,256,3
4044,38,256,4
4045,38,256,5
4046,38,256,6
4047,38,256,7
4048,38,256,8
4049,38,256,9
4050,38,256,10
4051,38,256,11
4052,38,256,12
4053,38,256,13
4054,38,256,14
4055,38,256,15
4056,38,256,16
4057,38,256,17
4058,38,256,18
4059,38,256,19
4060,38,257,0
4061,38,257,1
4062,38,257,2
4063,38,257,3
4064,38,257,4
4065,38,257,5
4066,38,257,6
4067,38,257,7
4068,38,257,8
4069,38,257,9
4070,38,257,10
4071,38,257,11
4072,38,257,12
4073,38,257,13
4074,38,257,14
4075,38,257,15
4076,38,257,16
4077,38,257,17
4078,38,257,18
4079,38,257,19
4080,38,258,0
4081,38,258,1
4082,38,258,2
4083,38,258,3
4084,38,258,4
4085,38,258,5
4086,38,258,6
4087,38,258,7
4088,38,258,8
4089,38,258,9
4090,38,258,10
4091,38,258,11
4092,38,258,12
4093,38,258,13
4094,38,258,14
4095,38,258,15
4096,38,258,16
4097,38,258,17
4098,38,258,18
4099,38,258,19
4100,38,259,0
4101,38,259,1
4102,38,259,2
4103,38,259,3
4104,38,259,4
4105,38,259,5
4106,38,259,6
4107,38,259,7
4108,38,259,8
4109,38,259,9
4110,38,259,10
4111,38,259,11
4112,38,259,12
4113,38,259,13
4114,38,259,14
4115,38,259,15
4116,38,259,16
4117,38,259,17
4118,38,259,18
4119,38,259,19
4120,38,260,0
4121,38,260,1
4122,38,260,2
4123,38,260,3
4124,38,260,4
4125,38,260,5
4126,38,260,6
4127,38,260,7
4128,38,260,8
4129,38,260,9
4130,38,260,10
4131,38,260,11
4132,38,260,12
4133,38,260,13
4134,38,260,14
4135,38,260,15
4136,38,260,16
4137,38,260,17
4138,38,260,18
4139,38,260,19
4140,38,261,0
4141,38,261,1
4142,38,261,2
4143,38,261,3
4144,38,261,4
4145,38,261,5
4146,38,261,6
4147,38,261,7
4148,38,261,8
4149,38,261,9
4150,38,261,10
4151,38,261,11
4152,38,261,12
4153,38,261,13
4154,38,261,14
4155,38,261,15
4156,38,261,16
4157,38,261,17
4158,38,261,18
4159,38,261,19
4160,38,262,0
4161,38,262,1
4162,38,262,2
4163,38,262,3
4164,38,262,4
4165,38,262,5
4166,38,262,6
4167,38,262,7
4168,38,262,8
4169,38,262,9
4170,38,262,10
4171,38,262,11
4172,38,262,12
4173,38,262,13
4174,38,262,14
4175,38,262,15
4176,38,262,16
4177,38,262,17
4178,38,262,18
4179,38,262,19
4180,38,263,0
4181,38,263,1
4182,38,263,2
4183,38,263,3
4184,38,263,4
4185,38,263,5
4186,38,263,6
4187,38,263,7
4188,38,263,8
4189,38,263,9
4190,38,263,10
4191,38,263,11
4192,38,263,12
4193,38,263,13
4194,38,263,14
4195,38,263,15
4196,38,263,16
4197,38,263,17
4198,38,263,18
4199,38,263,19
4200,38,264,0
4201,38,264,1
4202,38,264,2
4203,38,264,3
4204,38,264,4
4205,38,264,5
4206,38,264,6
4207,38,264,7
4208,38,264,8
4209,38,264,9
4210,38,264,10
4211,38,264,11
4212,38,264,12
4213,38,264,13
4214,38,264,14
4215,38,264,15
4216,38,264,16
4217,38,264,17
4218,38,264,18
4219,38,264,19
4220,38,265,0
4221,38,265,1
4222,38,265,2
4223,38,265,3
4224,38,265,4
4225,38,265,5
4226,38,265,6
4227,38,265,7
4228,38,265,8
4229,38,265,9
4230,38,265,10
4231,38,265,11
4232,38,265,12
4233,38,265,13
4234,38,265,14
4235,38,265,15
4236,38,265,16
4237,38,265,17
4238,38,265,18
4239,38,265,19
4240,38,266,0
4241,38,266,1
4242,38,266,2
4243,38,266,3
4244,38,266,4
4245,38,266,5
4246,38,266,6
4247,38,266,7
4248,38,266,8
4249,38,266,9
4250,38,266,10
4251,38,266,11
4252,38,266,12
4253,38,266,13
4254,38,266,14
4255,38,266,15
4256,38,266,16
4257,38,266,17
4258,38,266,18
4259,38,266,19
4260,38,267,0
4261,38,267,1
4262,38,267,2
4263,38,267,3
4264,38,267,4
4265,38,267,5
4266,38,267,6
4267,38,267,7
4268,38,267,8
4269,38,267,9
4270,38,267,10
4271,38,267,11
4272,38,267,12
4273,38,267,13
4274,38,267,14
4275,38,267,15
4276,38,267,16
4277,38,267,17
4278,38,267,18
4279,38,267,19
4280,38,268,0
4281,38,268,1
4282,38,268,2
4283,38,268,3
4284,38,268,4
4285,38,268,5
4286,38,268,6
4287,38,268,7
4288,38,268,8
4289,38,268,9
4290,38,268,10
4291,38,268,11
4292,38,268,12
4293,38,268,13
4294,38,268,14
4295,38,268,15
4296,38,268,16
4297,38,268,17
4298,38,268,18
4299,38,268,19
4300,38,269,0
4301,38,269,1
4302,38,269,2
4303,38,269,3
4304,38,269,4
4305,38,269,5
4306,38,269,6
4307,38,269,7
4308,38,269,8
4309,38,269,9
4310,38,269,10
4311,38,269,11
4312,38,269,12
4313,38,269,13
4314,38,269,14
4315,38,269,15
4316,38,269,16
4317,38,269,17
4318,38,269,18
4319,38,269,19
4320,60,324,0
4321,60,324,1
4322,60,324,2
4323,60,324,3
4324,60,324,4
4325,60,324,5
4326,60,324,6
4327,60,324,7
4328,60,324,8
4329,60,324,9
4330,60,324,10
4331,60,324,11
4332,60,324,12
4333,60,324,13
4334,60,324,14
4335,60,324,15
4336,60,324,16
4337,60,324,17
4338,60,324,18
4339,60,324,19
4340,60,325,0
4341,60,325,1
4342,60,325,2
4343,60,325,3
4344,60,325,4
4345,60,325,5
4346,60,325,6
4347,60,325,7
4348,60,325,8
4349,60,325,9
4350,60,325,10
4351,60,325,11
4352,60,325,12
4353,60,325,13
4354,60,325,14
4355,60,325,15
4356,60,325,16
4357,60,325,17
4358,60,325,18
4359,60,325,19
4360,60,326,0
4361,60,326,1
4362,60,326,2
4363,60,326,3
4364,60,326,4
4365,60,326,5
4366,60,326,6
4367,60,326,7
4368,60,326,8
4369,60,326,9
4370,60,326,10
4371,60,326,11
4372,60,326,12
4373,60,326,13
4374,60,326,14
4375,60,326,15
4376,60,326,16
4377,60,326,17
4378,60,326,18
4379,60,326,19
4380,60,327,0
4381,60,327,1
4382,60,327,2
4383,60,327,3
4384,60,327,4
4385,60,327,5
4386,60,327,6
4387,60,327,7
4388,60,327,8
4389,60,327,9
4390,60,327,10
4391,60,327,11
4392,60,327,12
4393,60,327,13
4394,60,327,14
4395,60,327,15
4396,60,327,16
4397,60,327,17
4398,60,327,18
4399,60,327,19
4400,60,328,0
4401,60,328,1
4402,60,328,2
4403,60,328,3
4404,60,328,4
4405,60,328,5
4406,60,328,6
4407,60,328,7
4408,60,328,8
4409,60,328,9
4410,60,328,10
4411,60,328,11
4412,60,328,12
4413,60,328,13
4414,60,328,14
4415,60,328,15
4416,60,328,16
4417,60,328,17
4418,60,328,18
4419,60,328,19
4420,60,329,0
4421,60,329,1
4422,60,329,2
4423,60,329,3
4424,60,329,4
4425,60,329,5
4426,60,329,6
4427,60,329,7
4428,60,329,8
4429,60,329,9
4430,60,329,10
4431,60,329,11
4432,60,329,12
4433,60,329,13
4434,60,329,14
4435,60,329,15
4436,60,329,16
4437,60,329,17
4438,60,329,18
4439,60,329,19
4440,60,330,0
4441,60,330,1
4442,60,330,2
4443,60,330,3
4444,60,330,4
4445,60,330,5
4446,60,330,6
4447,60,330,7
4448,60,330,8
4449,60,330,9
4450,60,330,10
4451,60,330,11
4452,60,330,12
4453,60,330,13
4454,60,330,14
4455,60,330,15
4456,60,330,16
4457,60,330,17
4458,60,330,18
4459,60,330,19
4460,60,331,0
4461,60,331,1
4462,60,331,2
4463,60,331,3
4464,60,331,4
4465,60,331,5
4466,60,331,6
4467,60,331,7
4468,60,331,8
4469,60,331,9
4470,60,331,10
4471,60,331,11
4472,60,331,12
4473,60,331,13
4474,60,331,14
4475,60,331,15
4476,60,331,16
4477,60,331,17
4478,60,331,18
4479,60,331,19
4480,60,332,0
4481,60,332,1
4482,60,332,2
4483,60,332,3
4484,60,332,4
4485,60,332,5
4486,60,332,6
4487,60,332,7
4488,60,332,8
4489,60,332,9
4490,60,332,10
4491,60,332,11
4492,60,332,12
4493,60,332,13
4494,60,332,14
4495,60,332,15
4496,60,332,16
4497,60,332,17
4498,60,332,18
4499,60,332,19
4500,60,333,0
4501,60,333,1
4502,60,333,2
4503,60,333,3
4504,60,333,4
4505,60,333,5
4506,60,333,6
4507,60,333,7
4508,60,333,8
4509,60,333,9
4510,60,333,10
4511,60,333,11
4512,60,333,12
4513,60,333,13
4514,60,333,14
4515,60,333,15
4516,60,333,16
4517,60,333,17
4518,60,333,18
4519,60,333,19
4520,60,334,0
4521,60,334,1
4522,60,334,2
4523,60,334,3
4524,60,334,4
4525,60,334,5
4526,60,334,6
4527,60,334,7
4528,60,334,8
4529,60,334,9
4530,60,334,10
4531,60,334,11
4532,60,334,12
4533,60,334,13
4534,60,334,14
4535,60,334,15
4536,60,334,16
4537,60,334,17
4538,60,334,18
4539,60,334,19
4540,60,335,0
4541,60,335,1
4542,60,335,2
4543,60,335,3
4544,60,335,4
4545,60,335,5
4546,60,335,6
4547,60,335,7
4548,60,335,8
4549,60,335,9
4550,60,335,10
4551,60,335,11
4552,60,335,12
4553,60,335,13
4554,60,335,14
4555,60,335,15
4556,60,335,16
4557,60,335,17
4558,60,335,18
4559,60,335,19
4560,60,336,0
4561,60,336,1
4562,60,336,2
4563,60,336,3
4564,60,336,4
4565,60,336,5
4566,60,336,6
4567,60,336,7
4568,60,336,8
4569,60,336,9
4570,60,336,10
4571,60,336,11
4572,60,336,12
4573,60,336,13
4574,60,336,14
4575,60,336,15
4576,60,336,16
4577,60,336,17
4578,60,336,18
4579,60,336,19
4580,60,337,0
4581,60,337,1
4582,60,337,2
4583,60,337,3
4584,60,337,4
4585,60,337,5
4586,60,337,6
4587,60,337,7
4588,60,337,8
4589,60,337,9
4590,60,337,10
4591,60,337,11
4592,60,337,12
4593,60,337,13
4594,60,337,14
4595,60,337,15
4596,60,337,16
4597,60,337,17
4598,60,337,18
4599,60,337,19
4600,60,338,0
4601,60,338,1
4602,60,338,2
4603,60,338,3
4604,60,338,4
4605,60,338,5
4606,60,338,6
4607,60,338,7
4608,60,338,8
4609,60,338,9
4610,60,338,10
4611,60,338,11
4612,60,338,12
4613,60,338,13
4614,60,338,14
4615,60,338,15
4616,60,338,16
4617,60,338,17
4618,60,338,18
4619,60,338,19
4620,60,339,0
4621,60,339,1
4622,60,339,2
4623,60,339,3
4624,60,339,4
4625,60,339,5
4626,60,339,6
4627,60,339,7
4628,60,339,8
4629,60,339,9
4630,60,339,10
4631,60,339,11
4632,60,339,12
4633,60,339,13
4634,60,339,14
4635,60,339,15
4636,60,339,16
4637,60,339,17
4638,60,339,18
4639,60,339,19
4640,60,340,0
4641,60,340,1
4642,60,340,2
4643,60,340,3
4644,60,340,4
4645,60,340,5
4646,60,340,6
4647,60,340,7
4648,60,340,8
4649,60,340,9
4650,60,340,10
4651,60,340,11
4652,60,340,12
4653,60,340,13
4654,60,340,14
4655,60,340,15
4656,60,340,16
4657,60,340,17
4658,60,340,18
4659,60,340,19
4660,60,341,0
4661,60,341,1
4662,60,341,2
4663,60,341,3
4664,60,341,4
4665,60,341,5
4666,60,341,6
4667,60,341,7
4668,60,341,8
4669,60,341,9
4670,60,341,10
4671,60,341,11
4672,60,341,12
4673,60,341,13
4674,60,341,14
4675,60,341,15
4676,60,341,16
4677,60,341,17
4678,60,341,18
4679,60,341,19
