id,vcl,lin,accel,turn,vbias
q00000,0.7963269352912903,-0.07100521214306355,-1.1703479687372844,1.6872483491897583,0.262751238313507
q00001,1.3754862944285076,-0.4014534850915273,-0.10227829217910767,1.2675131956736247,0.07589767850533846
q00002,1.4240747292836506,-0.5201465487480164,0.17613782236973444,1.6621381441752117,0.8453699981423627
q00003,1.4450095891952515,-0.44580331444740295,0.31433140238126117,1.3109939495722454,0.20546520965698262
q00004,1.396606683731079,-0.42186174790064496,0.8923770387967428,1.3828165531158447,0.8809470495688672
q00005,1.5320421854654949,-0.2542276903986931,0.7193752229213715,0.8514309326807658,0.00904624800447441
q00006,2.0157903035481772,-0.48427722851435345,0.4467470049858093,0.8734234571456909,0.0904301979894391
q00007,1.620035211245219,-0.3874082068602244,-0.28043458859125775,1.096541702747345,0.3008782374522118
q00008,1.2614916563034058,-0.22676711529493332,0.02566728989283244,1.0379607677459717,0.16314894316378403
q00009,1.49176291624705,-0.2883847653865814,0.13019110976407924,0.8651795784632365,0.9763109699409318
q00010,2.1756900548934937,-0.6195776065190634,0.637355507661899,1.0664039452870686,0.7934741186414338
q00011,1.2205100258191426,-0.27262330303589505,0.8893270989259084,1.2829529841740925,0.19173754946462654
q00012,1.5005027850468953,-0.38157596190770465,0.9272071520487467,1.1345527172088623,0.07708524144974924
q00013,1.4444870948791504,-0.2928241689999898,0.6969401041666666,0.9271482229232788,0.0814453811915935
q00014,1.7418677806854248,-0.5723992387453715,2.0966246128082275,1.389358361562093,0.7360761096903848
q00015,1.5325239896774292,-0.5956513484319051,0.5727863113085429,1.961041529973348,0.2916383024537353
q00016,1.8825836976369221,-0.4105171412229538,1.0238547722498577,0.8866975704828898,0.26279633687649245
q00017,1.7964892784754436,-0.4488416214783986,0.7837797303994497,1.086816946665446,0.5244410095278249
q00018,1.1728413899739583,-0.48913658658663434,0.31525689363479614,2.0508058071136475,0.606003321320181
q00019,1.9245729843775432,-0.4830722510814667,0.3272407328089078,0.8784621556599935,0.9594368245087815
q00020,1.6718850135803223,-0.6565172672271729,-0.19295759995778403,2.034342885017395,0.719701472143871
q00021,1.843498667081197,-0.5391068061192831,0.3893424868583679,1.132005214691162,0.09029015454020828
q00022,1.7433183590571086,-0.4660608967145284,-0.829664925734202,1.1577861706415813,0.12513990835884595
q00023,1.180117925008138,-0.07898048808177312,0.25579649209976196,0.6703516046206156,0.021696921229044836
q00024,1.1615733702977498,0.03118224224696557,0.766512374083201,0.7370200951894125,0.6990291091816787
q00025,1.692203124364217,-0.38032397627830505,0.9068858822186788,0.9338885148366293,0.1813496294018016
q00026,0.583475649356842,1.8398412466049194,0.12894209225972494,0.5424524247646332,0.7852791620194173
q00027,1.2217790683110554,-0.23233164846897125,-0.0505418727795283,1.0016572872797649,0.8867193808503315
q00028,2.0996457735697427,-0.5857680042584738,0.0627148300409317,0.9879299402236938,0.7926902859779241
q00029,1.4653232494990032,-0.2383811225493749,1.1646079222361247,0.9734750986099243,0.9076375226482338
q00030,1.5140332380930583,-0.5246741473674774,0.47201216220855713,1.438897689183553,0.8446726241684215
q00031,1.1022189855575562,-0.09539689620335896,0.7189275821050009,0.7580696741739908,0.011188308769141234
q00032,1.7570151090621948,-0.5084698895613352,0.8727764884630839,1.2540853023529053,0.2491578562802715
q00033,1.738591194152832,-0.6650803685188293,0.8295779426892599,2.0424360831578574,0.824673787591704
q00034,1.452626625696818,-0.1388354574640592,0.7354159156481425,0.7346869111061096,0.04999309072489024
q00035,1.6851990620295207,-0.581512451171875,1.0844492713610332,1.461933692296346,0.7899236561860112
q00036,2.1203437646230063,-0.6659751137097677,0.3289049069086711,1.2733508745829265,0.04507700341133857
q00037,1.8197333812713623,-0.44900421301523846,1.3462215860684712,1.1134114265441895,0.2804198540100706
q00038,1.670448660850525,-0.482619841893514,-0.16566834847132364,1.064640740553538,0.9510977674221414
q00039,1.7926924228668213,-0.4958590269088745,-0.3362803092847268,1.0336186687151592,0.193262015813297
q00040,1.7049269676208496,-0.44335295756657916,0.6888818393150965,1.0556710163752239,0.40267495920252533
q00041,1.9954619407653809,-0.4811613857746124,0.6255043496688207,0.8800250689188639,0.7650140813011155
q00042,2.023834705352783,-0.6079161167144775,0.13860836128393808,1.1510103543599446,0.2032090475149826
q00043,1.6883532206217449,-0.5182222326596578,0.7254706422487894,1.3439010779062908,0.9575520899836629
q00044,1.7963616450627644,-0.6248674194018046,0.022095493972301483,1.3705862363179524,0.19538201980793868
q00045,1.3843488693237305,-0.4697996477286021,0.03072402874628703,1.1557978391647339,0.13047273329995926
q00046,1.0661375522613525,-0.04488181322813034,-0.008255640665690104,0.8801330924034119,0.8394445119928151
q00047,1.8689903418223064,-0.5502235591411591,0.6969695289929708,1.162421464920044,0.975289054837472
q00048,1.6102930704752605,-0.5972920656204224,-0.3061205248037974,1.4733048280080159,0.6132346607050603
q00049,1.2210554679234822,-0.02436520407597224,0.5278416574001312,0.7349755565325419,0.0175116108596789
q00050,1.5307696262995403,-0.4112764447927475,0.6760160128275553,1.0810829798380535,0.020778671933514636
q00051,1.0794308980305989,-0.19170249005158743,1.809457778930664,1.2730541427930195,0.9721334560580774
q00052,1.3881068627039592,-0.15466933324933052,1.2072221239407857,0.8636904954910278,0.14622569825556236
q00053,1.8203001419703166,-0.4492219587167104,0.34669212127725285,0.9385273853937784,0.11264281512819264
q00054,1.5354139010111492,-0.27306775748729706,0.4370676974455516,0.8650290171305338,0.01530759747961853
q00055,1.568211595217387,-0.4810445010662079,0.7554587026437124,1.212407151858012,0.8678982696324629
q00056,1.6054766178131104,-0.39021960894266766,-0.09522780403494835,0.9557265837987264,0.03035852712567153
q00057,1.551122506459554,-0.3275736520687739,0.5175591905911764,0.9102556506792704,0.015101024712341121
q00058,1.4601290623346965,-0.10963603605826695,0.09058529138565063,0.7364259560902914,0.049327275427263305
q00059,1.1603679259618123,-0.2885568787654241,1.165101945400238,1.4564148585001628,0.005544697115261208
q00060,1.3465044895807903,-0.5701911250750223,0.07506761948267619,1.6447703838348389,0.5514869299308862
q00061,1.8697736263275146,-0.48321295777956647,0.4459014932314555,0.9615150690078735,0.9912431187850331
q00062,1.898878574371338,-0.4901602069536845,-0.04153509810566902,0.923897902170817,0.7373455912417413
q00063,2.118823687235514,-0.5504118502140045,0.8421355883280436,1.0675103267033894,0.8073411752714228
q00064,2.3406569163004556,-0.63575812180837,1.0983699162801106,1.0376161336898804,0.23252511202035506
q00065,1.6869497299194336,-0.5769680341084799,0.06680022676785786,1.4320849180221558,0.3984598034076685
q00066,1.7741107543309529,-0.5265033344427744,1.4631542364756267,1.403402328491211,0.7728773848253434
q00067,1.2372353076934814,-0.013847298920154572,0.526573657989502,0.725737472375234,0.6295762393616364
q00068,1.335638403892517,-0.1613968958457311,0.30810220042864483,0.7993920644124349,0.9024280800934338
q00069,1.690821687380473,-0.510715385278066,0.8886191844940186,1.1878356138865154,0.0040657588227043595
q00070,2.027180870374044,-0.5678766767183939,0.1599451762934526,1.0385950009028118,0.0890717529582133
q00071,1.9369312127431233,-0.5459453960259756,0.7617392142613729,1.037000795205434,0.10623966010533745
q00072,1.132353146870931,-0.4077487488587697,-0.0045844316482543945,1.6288162469863892,0.030279624638160314
q00073,1.6993963321050007,-0.4495522876580556,0.3733259066939354,1.003192702929179,0.006163219949045189
q00074,1.0268643299738567,-0.22974872216582298,-0.2529170736670494,1.3492671251296997,0.19730551234066673
q00075,1.0621033509572346,-0.10479395091533661,0.2742279364416997,0.8470510443051656,0.005912455103398858
q00076,1.4376366933186848,-0.5867083668708801,0.11791077256202698,2.1492108503977456,0.20704546097351378
q00077,1.2206075191497803,-0.45469342668851215,0.019725029667218525,1.8296876351038616,0.10125291791954426
q00078,1.543961723645528,-0.66727614402771,-0.4408696989218394,2.155469377835592,0.5149039453466412
q00079,1.9311786890029907,-0.5351901451746622,-0.5124336841205755,1.092911144097646,0.8907546093192976
q00080,1.5638823906580608,-0.3476421932379405,0.4288654029369354,0.9518932898839315,0.7615469233755534
q00081,2.024521827697754,-0.6267883777618408,-0.5771070395906767,1.2297345002492268,0.6914064581606112
q00082,2.01228658358256,-0.5252880255381266,0.7004700104395548,1.0652478138605754,0.9282186125553882
q00083,1.4707606236139934,-0.20309006174405417,0.39687372247378033,0.7537272175153097,0.20566100157062173
q00084,0.8496129910151163,0.09533891330162685,1.1441600322723389,0.7839141190052032,0.8383180603830812
q00085,1.7585233449935913,-0.532872329155604,0.08320273955663045,1.1765631635983784,0.9860099066351403
q00086,1.5373689730962117,-0.6364968021710714,-0.5980216066042582,1.835771878560384,0.9366776624235137
q00087,1.8874258995056152,-0.4886346658070882,0.13943360249201456,0.9524510304133097,0.3496660821469226
q00088,1.860044797261556,-0.48013649384180707,0.8077481985092163,0.9872164130210876,0.08077167737089803
q00089,1.7542801698048909,-0.48877982298533124,1.2175437410672505,1.17186705271403,0.00531098120249017
q00090,0.8360368808110555,-0.018365499873956043,1.2008698383967082,1.0436768929163616,0.0467866252770056
q00091,2.303211053212484,-0.633328934510549,0.00015651186307271323,1.0987702409426372,0.07506874429841134
q00092,1.6672864357630413,-0.38497859239578247,0.2615818033615748,0.9034889737764994,0.04846570419082543
q00093,1.9693833589553833,-0.4572640160719554,0.6449660758177439,0.8529101014137268,0.8865515903925671
q00094,1.6340023676554363,-0.32918492952982586,-0.039145285884539284,0.8501575986544291,0.060251235388231565
q00095,1.5599366823832195,-0.2078844110171,0.31108635663986206,0.7799326380093893,0.9751611633229049
q00096,1.98362135887146,-0.5430857439835867,0.7412194609642029,1.0315076907475789,0.9021307323043406
q00097,1.6773951450983684,-0.38916656374931335,-0.1890115886926651,0.9594265619913737,0.3788950049449894
q00098,0.5801529735326767,-0.5942091246445974,-0.06294714783628781,0.7559969822565714,0.35050145242487246
q00099,1.5239373048146565,-0.5019046068191528,-0.520004669825236,1.2453863620758057,0.6125101696611144
q00100,1.8562097152074177,-0.5708844065666199,-0.14240120351314545,1.152046839396159,0.09169194976864721
q00101,1.530503749847412,-0.49569788575172424,1.5735036134719849,1.659308910369873,0.26308915794729465
q00102,1.1734543244043987,-0.16388563811779022,0.7982471187909445,0.8765951792399088,0.2255642649844764
q00103,1.0179757873217266,0.1862422078847885,0.6841783126195272,0.6191882292429606,0.8152357960860354
q00104,1.0654964844385784,-0.051186698178450264,0.679474393526713,0.8360694249471029,0.9239958547567672
q00105,1.6500447591145833,-0.3831468919912974,-0.36575982471307117,0.9700956344604492,0.20535206357407756
q00106,1.5516729752222698,-0.5701547861099243,1.0189454952875774,1.6727181673049927,0.9856057500862386
q00107,1.5649465322494507,-0.47078293561935425,-0.09543638086567323,1.196036458015442,0.6057019279470994
q00108,1.7697843710581462,-0.5035039881865183,1.3046217759450276,1.2677887280782063,0.43538309605357883
q00109,1.3372848828633626,-0.5664921204249064,0.8708498875300089,1.807971994082133,0.02387660648237993
q00110,1.8466746012369792,-0.488204558690389,-0.04121872534354528,0.9945438702901205,0.12369520628887154
q00111,1.8985053698221843,-0.7184393008550009,0.7108444174130758,1.765862226486206,0.15582166426279487
q00112,1.7424040635426838,-0.47110192477703094,0.5615096340576807,0.9912329912185669,0.026231239311699267
q00113,1.3955517609914143,-0.500847578048706,-0.05554210891326269,1.4644147952397664,0.11489521717902255
q00114,1.7890232801437378,-0.4667975405852,0.5765953759352366,1.0607734719912212,0.9413288794441242
q00115,1.469183087348938,-0.5612435340881348,-0.13802909354368845,2.056949774424235,0.7440284056450988
q00116,2.025874932607015,-0.6348691781361898,-0.029071415464083355,1.2302260398864746,0.0647529457956632
q00117,2.111532290776571,-0.5172388553619385,1.0357104539871216,0.9366898735364279,0.7128756810037582
q00118,1.1908777157465618,-0.1882226119438807,0.37064749002456665,1.0675531029701233,0.8248459996277446
q00119,1.820785681406657,-0.6632509231567383,0.5568914115428925,1.5820627212524414,0.35029381726471553
q00120,1.4870814482371013,-0.5509553750356039,-0.11797552307446797,1.6640502611796062,0.5831178506036665
q00121,1.3341015179951985,-0.3421386182308197,0.12374904255072276,1.1158610582351685,0.5885843492265621
q00122,1.025197148323059,-0.1804142047961553,1.3889641761779785,1.084712286790212,0.951939055827759
q00123,0.8895738323529562,0.0936438540617625,1.1114102602005005,0.7357198794682821,0.008714907990736587
q00124,2.0023191372553506,-0.6677602132161459,0.8175058662891388,1.2772728204727173,0.18182137792257447
q00125,1.5384666522343953,-0.5738202830155691,-0.24226997792720795,1.6094049612681072,0.3252822280872814
q00126,1.5724513133366902,-0.39296166598796844,0.047022297978401184,1.0753097931543987,0.1894653467590849
q00127,1.3266760508219402,-0.36370786527792615,-0.098802477431794,1.1372792720794678,0.32442105873679383
q00128,1.8911433617273967,-0.6174061894416809,1.4240800142288208,1.4866022666295369,0.352049642984548
q00129,1.0884686311086018,-0.21552573641141257,0.44308651238679886,1.2144629160563152,0.04985757324879352
q00130,2.153302272160848,-0.5500796039899191,0.5046121974786123,0.9348874886830648,0.9126145722123266
q00131,1.9656689167022705,-0.6253669063250223,0.632234921058019,1.274350881576538,0.7249298148822173
q00132,1.531439741452535,-0.29189438621203107,0.5009682774543762,0.9011705120404562,0.046607725423019525
q00133,1.8351141214370728,-0.46536239981651306,0.5320424834887186,1.0008927186330159,0.841766095121942
q00134,2.1133605241775513,-0.6399421890576681,1.6960291465123494,1.4287718931833904,0.9123010347787885
q00135,1.6451544761657715,-0.45565373698870343,0.4032694796721141,1.2296531200408936,0.1294825032055315
q00136,1.8683441082636516,-0.6136975487073263,0.6465633511543274,1.3912851015726726,0.6635678905127427
q00137,1.6400220394134521,-0.42113742232322693,0.27511215830842656,1.0437852144241333,0.22137978714950665
q00138,1.3220690886179607,-0.3818431595961253,0.6044335762659708,1.594937841097514,0.2817419259722909
q00139,1.4085432688395183,-0.5210965474446615,0.17657714585463205,1.6443945566813152,0.17619516304228244
q00140,1.8318483432133992,-0.6188990672429403,-0.0034869064887364707,1.4622548421223958,0.5804738419698557
q00141,1.6584542592366536,-0.33811702330907184,1.095913569132487,0.8669599294662476,0.06774097734193495
q00142,0.9241632620493571,0.20974299311637878,0.7805970708529154,0.6103028953075409,0.10726357515281812
q00143,1.7095388968785603,-0.5153830448786417,1.7265613873799641,1.3485440015792847,0.5732441825245554
q00144,1.8330976565678914,-0.5737921794255575,0.6044934789339701,1.2370633681615193,0.6075772755217234
q00145,1.555163820584615,-0.33288734157880145,-0.4037939707438151,0.9482243657112122,0.07009953656331434
q00146,1.8111321926116943,-0.5481034815311432,1.2582541704177856,1.3605376482009888,0.8732239586455253
q00147,0.9511915644009908,-0.24968276917934418,-0.35675572355588275,1.2852316697438557,0.1320213800645065
q00148,1.828165888786316,-0.4594278335571289,-0.019042223691940308,0.9733651876449585,0.22391748142775655
q00149,1.6768908500671387,-0.29366013904412586,0.24199782932798067,0.8333478967348734,0.9859367153238988
q00150,1.7693726221720378,-0.5475644568602244,0.8415061632792155,1.2691518465677898,0.7016634451151519
q00151,1.896774450937907,-0.5204229553540548,0.6847483317057291,1.0682368477185566,0.25822523473159664
q00152,1.7174339691797893,-0.524603009223938,-0.5793766727050146,1.2115816672643025,0.15632524697559347
q00153,1.8088530699412029,-0.47006089488665265,0.6851073106129965,1.0220669110616047,0.5301871875447478
q00154,1.2618381182352703,-0.40929033358891803,0.2286090130607287,1.169933557510376,0.002861905671513346
q00155,2.0820332368214927,-0.6290939847628275,0.06429142256577809,1.1306008100509644,0.05535606842645476
q00156,0.5658426483472189,0.14605137581626573,-0.23406826766828695,0.888136108716329,0.1310160495585708
q00157,1.2651087045669556,-0.3023047198851903,-0.49554528792699176,1.2242029905319214,0.18349687948441704
q00158,1.8850563367207844,-0.6159840822219849,0.8243634601434072,1.5257278283437092,0.0940681905298434
q00159,1.722496747970581,-0.6322604815165201,-0.5070095782478651,1.637157718340556,0.12843152949738063
q00160,1.504424770673116,-0.13180902258803448,0.4712931017080943,0.7565470139185587,0.9609677331890478
q00161,1.1382395426432292,-0.04002625495195389,0.30286361277103424,0.7933599948883057,0.8851925346130789
q00162,0.9779833555221558,0.03827372193336487,0.4660095473130544,0.8242493271827698,0.9665364586921831
q00163,1.4343769152959187,-0.1571180671453476,0.6978049476941427,0.8321587045987447,0.10754931077971862
q00164,1.6039667924245198,-0.24345948795477548,-0.21579716602961221,0.8563564817110697,0.8192726453383838
q00165,1.940473238627116,-0.6112346152464548,0.980807344118754,1.1917610168457031,0.2594588317869309
q00166,1.1258430480957031,-0.26525473097960156,0.26562899351119995,1.197527011235555,0.2743853139663553
q00167,1.9532317717870076,-0.4628719687461853,0.1277641554673513,0.9007825454076132,0.11810284838944077
q00168,1.8917394876480103,-0.5078044533729553,0.38365637759367627,0.9348573287328085,0.9561830431428674
q00169,1.5436335802078247,-0.5298720002174377,0.5761400858561198,1.913784106572469,0.6837118049529796
q00170,2.142070690790812,-0.5829604665438334,0.5619026323159536,1.0070854822794597,0.030784103904237706
q00171,1.637241005897522,-0.510676383972168,-0.3405136267344157,1.2178244193394978,0.2436088754154903
q00172,1.7572611967722576,-0.4582898219426473,0.12691753978530565,1.0121686259905498,0.9169507821266518
q00173,1.3073522647221882,-0.33879028757413227,0.05837681392828623,1.1185600757598877,0.17370499882624799
q00174,2.118701457977295,-0.5793939630190531,0.7187377711137136,1.0577829082806904,0.8731267250731773
q00175,1.5467294851938884,-0.273478885491689,0.7776032090187073,0.910634458065033,0.7284978369885877
q00176,1.5306843519210815,-0.47982220848401386,-0.330519159634908,1.3487499952316284,0.8246481213139075
q00177,1.28657865524292,-0.22913425539930662,1.0023900270462036,0.9715768297513326,0.6836862543216121
q00178,0.952315072218577,-0.04849999646345774,0.13658398141463599,0.9321277141571045,0.26480233691327776
q00179,0.7884204983711243,-0.3454631678760052,0.573165645202001,0.7693116466204325,0.2064594027839059
q00180,1.4605091015497844,-0.3731655726830165,0.8029272754987081,1.1449480454126995,0.06484317797790069
q00181,1.3521673679351807,-0.12394066030780475,0.5362980961799622,0.7976364692052206,0.16502330695183756
q00182,1.0862507621447246,-0.1986574580272039,-0.20520379145940146,1.104413588841756,0.5239624845555064
q00183,1.1384702523549397,-0.13539370894432068,0.18041863789161047,0.8645732402801514,0.11304122634919755
q00184,1.8113545974095662,-0.450878103574117,0.7124813397725424,0.9916325807571411,0.951374530190516
q00185,1.2132810751597087,-0.11239014814297359,0.5523943702379862,0.8931348522504171,0.07121446659262323
q00186,1.6867365439732869,-0.32851923008759815,-0.2877402479449908,0.9139973123868307,0.07452869157995382
q00187,1.8582706451416016,-0.49276431401570636,1.9375061591466267,1.1067733764648438,0.38470583050351015
q00188,1.9729095300038655,-0.5965417524178823,-0.022103895743687946,1.1029896934827168,0.07337252262255069
q00189,2.3067285219828286,-0.604644775390625,1.045120934645335,0.9946268399556478,0.15672402048911538
q00190,1.567277431488037,-0.5656609932581583,0.8471933007240295,1.7355509201685588,0.11485693648149765
q00191,1.3380521933237712,-0.254525067905585,0.46993478139241535,1.077880581219991,0.04852203518465113
q00192,1.7320301532745361,-0.36982887983322144,1.118114988009135,0.9224149982134501,0.41640875250434767
q00193,1.963226556777954,-0.6383446653683981,-0.14580908914407095,1.2691904703776042,0.1273516031598728
q00194,1.47562575340271,-0.1769914651910464,1.0268876949946086,0.8596173127492269,0.6062424759158935
q00195,1.6742736101150513,-0.6107287009557089,0.9139217436313629,1.549631913503011,0.38516462302897303
q00196,1.8847590287526448,-0.4881893992424011,0.15904830892880759,0.9409500360488892,0.7818854858817343
q00197,1.581650932629903,-0.49150338768959045,0.4718599518140157,1.156846006711324,0.08513519351911714
q00198,1.1793405214945476,-0.08205708612998326,0.16746256003777185,0.7895627617835999,0.6861713574804343
q00199,1.176802158355713,-0.07546879226962726,0.4516725515325864,0.8047465284665426,0.002506408112558439
q00200,1.6862202088038127,-0.34085002541542053,0.8229224483172098,0.8991248806317648,0.003241621592333031
q00201,1.5434527397155762,-0.3545824537674586,1.131658713022868,0.9820845325787863,0.9739438142193834
q00202,1.1573711236317952,-0.16933838774760565,0.8783575097719828,1.0679776072502136,0.15349750224386333
q00203,2.1223151683807373,-0.5866801540056864,-0.06569062918424606,1.138616919517517,0.7985438712570603
q00204,1.624426047007243,-0.404236376285553,1.953452467918396,1.2744060357411702,0.1612737114906456
q00205,1.8160556554794312,-0.714882512887319,0.7358776330947876,2.0065245230992637,0.09908632533172956
q00206,1.7433679898579915,-0.45689770579338074,0.9821090300877889,1.0096295873324077,0.045421924064235425
q00207,1.3239987293879192,-0.07631556193033855,0.49225260814030963,0.7260205944379171,0.0167246449584462
q00208,1.7119537591934204,-0.5360533595085144,0.5891942195594311,1.3253422578175862,0.19538317260852175
q00209,1.613030473391215,-0.47778918345769245,-0.24786942452192307,1.2791513204574585,0.7983592069509398
q00210,1.8246509234110515,-0.3975854714711507,0.523378332455953,0.9248210589090983,0.07299517387406466
q00211,1.7884702682495117,-0.4628035326798757,0.298498323187232,0.9199461738268534,0.9090625603450017
q00212,1.5434098641077678,-0.2583586933712165,0.39518122871716815,0.8541204730669657,0.046974581771115104
q00213,1.8457709948221843,-0.5052428046862284,1.5228792826334636,1.0733750263849895,0.12799919715249358
q00214,1.3754903078079224,-0.3451526661713918,0.556097944577535,1.2114000519116719,0.20761987356981998
q00215,1.8359542687733967,-0.546741912762324,0.3127860650420189,1.0735045274098713,0.7618882839829608
q00216,1.9866820573806763,-0.6633169054985046,0.6621919274330139,1.458125114440918,0.7037110779211144
q00217,1.1864310503005981,-0.3682110508282979,2.080290675163269,1.3064430157343547,0.5488768990340536
q00218,1.0167406797409058,0.07846178611119588,0.34337790682911873,0.7438723643620809,0.2358652009204985
q00219,1.8720061381657918,-0.6057424048582712,1.0145995219548543,1.431526780128479,0.07411845500370988
q00220,1.3948620557785034,-0.3465954264005025,1.4471089045206706,1.4665596882502239,0.2808880175975277
q00221,1.5933541854222615,-0.3556087960799535,0.1356059859196345,0.9760560194651285,0.6568685454321149
q00222,1.7293788194656372,-0.594274898370107,0.1875117520491282,1.4049834410349529,0.272357770706476
q00223,1.8809259335199993,-0.6911921302477518,0.6789075831572214,1.5831019878387451,0.27032852263934865
q00224,1.6025971174240112,-0.3053755561510722,0.7394096354643503,0.8936615188916525,0.20727036351864467
q00225,1.7845357259114583,-0.45419100920359295,0.8465465605258942,1.0958699782689412,0.7383727357370675
q00226,1.6920855045318604,-0.46929944554964703,-0.15431153029203415,1.0916670560836792,0.03500124815374798
q00227,1.5914264520009358,-0.4405447244644165,0.05387779573599497,1.1444634596506755,0.8015051256874715
q00228,1.798541267712911,-0.43261683980623883,0.6061428487300873,0.9300302267074585,0.06263268854857591
q00229,1.9229109684626262,-0.4894573887189229,0.3969789942105611,0.915435274442037,0.9151659646293262
q00230,1.846193512280782,-0.5133849680423737,-0.4024980639417966,1.0609572728474934,0.7139100231141677
q00231,0.9032931129137675,-0.01681445042292277,0.9183323582013448,1.0599209666252136,0.662081386235758
q00232,1.8178794384002686,-0.42962215344111127,-0.3898464987675349,0.9153156081835429,0.13587368491913088
q00233,1.5811526775360107,-0.5389155248800913,0.9170988996823629,1.3906772136688232,0.74302536455934
q00234,1.0374143520991008,-0.1377952927723527,1.561690092086792,0.9798830350240072,0.02703206193415404
q00235,1.0193021694819133,0.1357278097420931,1.0547683238983154,0.6901478966077169,0.7989725716806435
q00236,1.3243170181910198,-0.5118160247802734,1.1850900451342266,1.8546900351842244,0.16742877451995963
q00237,1.0819569826126099,-0.4045049846172333,0.487495223681132,1.8366938432057698,0.8243404086712716
q00238,1.6820390621821086,-0.5925451318422953,0.05679343640804291,1.5456948677698772,0.8364587587293141
q00239,1.363479773203532,-0.0679243008295695,0.7589752674102783,0.7431068221728007,0.987522995944816
q00240,1.5851354201634724,-0.31932350993156433,0.5449960629145304,0.9768152832984924,0.13672891341969973
q00241,1.5012998183568318,-0.13808641086022058,0.06698315590620041,0.7858885725339254,0.15298424657691012
q00242,1.8772939046223958,-0.5974540511767069,0.4356899919609229,1.1879778703053792,0.81923423173308
q00243,2.0521411101023355,-0.7058484355608622,3.0827226638793945,1.5757226943969727,0.8794822370887826
q00244,1.5486514170964558,-0.41659043232599896,-0.3406618908047676,0.987272838751475,0.8688006745189862
q00245,2.0618265867233276,-0.6599176526069641,1.2186099688212078,1.3649677832921345,0.9179238853966608
q00246,1.493891994158427,-0.49064769347508747,1.8882389863332112,1.6015918652216594,0.07587696564481296
q00247,2.124082922935486,-0.6535945534706116,0.46996570626894635,1.2772681315739949,0.11467387767066305
q00248,1.022583782672882,-0.17069313550988832,0.15403654674688974,1.3119073311487834,0.35058172355866785
q00249,1.0220904350280762,-0.32401153445243835,0.3594244122505188,1.0550293922424316,0.24305148388009387
q00250,1.6750404040018718,-0.47049248218536377,0.5158675809701284,1.0757946968078613,0.9667477144873912
q00251,1.660350759824117,-0.6422659556070963,-0.33297686620304984,1.6413207451502483,0.8593223980224225
q00252,1.5542504787445068,-0.33135779450337094,0.9125733772913615,0.9693200985590616,0.765249316678992
q00253,0.8937427202860514,0.13203997040788332,0.6221825977166494,0.5912514925003052,0.00891492733936518
q00254,1.2831346988677979,-0.38307737310727435,0.5474863847096761,1.4280026753743489,0.891106589748074
q00255,1.3234650293986003,-0.3656559685866038,-0.5386349062124888,1.1199970245361328,0.004712897738277497
q00256,1.7111935218175252,-0.3916247983773549,0.931312640508016,1.0257306297620137,0.5969504642381213
q00257,1.7383879820505779,-0.4512880742549896,0.24446569879849753,1.0420684814453125,0.6773528740219629
q00258,1.5487337907155354,-0.2295159101486206,0.37599749987324077,0.7742462952931722,0.0966190354855059
q00259,1.710055947303772,-0.39482055107752484,-0.18569116791089377,0.9506601492563883,0.9365280149018711
q00260,1.3345025380452473,-0.46405332287152606,-0.1559032400449117,1.4975587129592896,0.8690482973197116
q00261,1.6761283874511719,-0.6413378715515137,0.5521633190413316,1.8962233861287434,0.8868496787108525
q00262,0.9894110759099325,-0.03556507080793381,-0.06862429777781169,0.9551867047945658,0.05581639413885403
q00263,1.5355741580327351,-0.32806701958179474,1.1322739521662395,1.0306094884872437,0.8753758851159639
q00264,1.61764923731486,-0.3940344378352165,0.5291114846865336,1.0904923280080159,0.11567928830836799
q00265,1.8401620388031006,-0.4456363320350647,0.5303909877936045,0.9038757880528768,0.017764249849930278
q00266,1.5117403268814087,-0.5979642073313395,0.04121390481789907,1.8064581950505574,0.7787020124530611
q00267,2.2500060399373374,-0.710940957069397,0.27925483882427216,1.1604762077331543,0.6700863890276312
q00268,1.6610289812088013,-0.35098015268643695,-0.01750423014163971,0.8684423764546713,0.044123377314798734
q00269,1.5092806021372478,-0.5170424580574036,-0.17894690732161203,1.4794161319732666,0.8378550665395685
q00270,1.4837849934895833,-0.27011004090309143,0.3822730431954066,0.9003046154975891,0.051546222680721454
q00271,0.8293619553248087,0.11321456854542096,0.1227064107855161,0.7046588460604349,0.2449199625136378
q00272,1.3176418940226238,-0.34455793102582294,0.45511769751707715,1.2278518676757812,0.9706898557297479
q00273,0.6264613668123881,1.8398412466049194,0.6850589911142985,0.06656929850578308,0.5749127992665567
q00274,1.9841961860656738,-0.6481909354527792,0.6929318507512411,1.5132888555526733,0.17080574786434174
q00275,1.1830962498982747,-0.13269150629639626,0.49821872512499493,0.829785962899526,0.9815048385357934
q00276,2.1447487672170005,-0.5772870779037476,-0.13970383008321127,1.0158532857894897,0.2794786667248396
q00277,1.4266741673151653,-0.071270106981198,0.5746914943059286,0.7366337378819784,0.9700559626841645
q00278,1.757297436396281,-0.4132886628309886,0.7135041753451029,0.9480334719022115,0.9635251996550175
q00279,1.9840184052785237,-0.4329370657602946,0.2949880709250768,0.8535992105801901,0.08961966081614711
q00280,1.213384985923767,-0.09465360331038634,1.2256284356117249,0.972283124923706,0.016848051498015226
q00281,1.7452045281728108,-0.6996978123982748,0.8151414195696512,2.0253547032674155,0.2505305746522485
q00282,1.733689308166504,-0.3476678232351939,0.16238214075565338,0.8554983735084534,0.09391198867561604
q00283,1.8802337646484375,-0.46340922514597577,0.055373492340246834,0.9532381693522135,0.17188316188074737
q00284,1.605065902074178,-0.4864991009235382,0.5419755900899569,1.3096152544021606,0.10272518717893539
q00285,1.7435415983200073,-0.5614746709664663,-0.2431741083661715,1.3260700702667236,0.14693426004909527
q00286,1.310481349627177,-0.4587289368112882,-0.039805129170417786,1.724772850672404,0.6207320444286903
q00287,1.8262643019358318,-0.41165612637996674,0.35959025224049884,0.8816433151563009,0.07875906417407424
q00288,1.6103124221165974,-0.554405152797699,0.6762271523475647,1.431502898534139,0.8637911440665892
q00289,1.6932146151860554,-0.65074755748113,-0.7027711868286133,1.8362867037455242,0.7101045067247277
q00290,1.8501128355662029,-0.4833313624064128,0.7121391991774241,1.0482250452041626,0.5627933957802774
q00291,1.4629135529200237,-0.5246633887290955,0.2472407209376494,1.9654290278752644,0.15109386909886952
q00292,1.7171111504236858,-0.6194711923599243,2.780535618464152,1.4968589941660564,0.9010427097093106
q00293,1.9533634583155315,-0.5502442618211111,0.7877937157948812,1.0585815111796062,0.1467670606020245
q00294,1.2617837190628052,-0.49835355083147687,0.8460722466309866,2.104770064353943,0.18052355753766286
q00295,1.7838563124338787,-0.6411618093649546,1.0212177236874898,1.610398809115092,0.23260385100731276
q00296,1.5126684109369914,-0.3730216721693675,0.1971010019381841,1.0001346270243328,0.9811237443838394
q00297,1.3725444475809734,-0.047093755255142845,0.2809205303589503,0.6600545446077982,0.0950477597206557
q00298,2.129000107447306,-0.5346768001715342,1.0196457306543987,1.0051603118578594,0.8178542842537869
q00299,0.9176244934399923,0.09497993315259616,0.3184954325358073,0.6298093299070994,0.08456569903990516
q00300,1.6168030500411987,-0.4095198263724645,-0.12950936953226724,1.0266143480936687,0.1107494813776873
q00301,1.6555776993433635,-0.4975133538246155,0.06287461519241333,1.1210652987162273,0.15154078412679395
q00302,1.711020549138387,-0.3534141580263774,0.497394888351361,0.8167789578437805,0.7846408194903547
q00303,1.9585893948872883,-0.48593098918596905,0.30753807723522186,0.9416488607724508,0.8283692481349341
q00304,1.1863261858622234,-0.22780399397015572,0.4296694404135148,1.0037658214569092,0.06554434691637931
q00305,1.8936545848846436,-0.49458709359169006,0.48825355370839435,1.0222397645314534,0.09062469567936633
q00306,1.9022860129674275,-0.505834678808848,-0.017502474909027416,0.9360489447911581,0.9330723184890456
q00307,1.028486688931783,-0.20879729092121124,-0.26111771911382675,1.2296231190363567,0.2593210666239798
q00308,1.835612456003825,-0.6319644451141357,0.6138564646244049,1.6460282405217488,0.8306495180684335
q00309,1.6013615528742473,-0.5345563093821207,0.02220662807424863,1.3073147932688396,0.3652366027876588
q00310,1.8748939434687297,-0.47501078248023987,1.0163883964220684,0.9313056468963623,0.793513414869733
q00311,0.7353176275889078,0.08614152173201244,-0.004341943810383479,0.8929924567540487,0.07373474461059175
q00312,0.854279359181722,0.21420705566803613,1.072068492571513,0.6541447341442108,0.09006824567687222
q00313,1.6337181329727173,-0.5712220271428426,0.5699387987454733,1.7012327909469604,0.3411155563331525
q00314,1.0106810530026753,-0.08253233941892783,0.3680887644489606,1.0342214107513428,0.5369631076743095
q00315,1.9471355676651,-0.521197517712911,0.07221866647402446,0.9803523222605387,0.9095045690926122
q00316,1.900590221087138,-0.4194685369729996,0.8319855531056722,0.881698469320933,0.014860967304511285
q00317,1.307928244272868,-0.3757510135571162,-0.02564939608176549,1.2683100700378418,0.9645518440644549
q00318,1.9256854057312012,-0.6714011033376058,0.36373406648635864,1.6147836446762085,0.23474605541007018
q00319,2.0224431355794272,-0.6778517365455627,0.7619477907816569,1.5171809991200764,0.1955501937247452
q00320,1.9717251459757488,-0.665883739789327,0.7239781022071838,1.38466481367747,0.8816795264334143
q00321,0.7826249798138937,-0.29579080641269684,-0.43558618426322937,1.0176866054534912,0.7784133467315355
q00322,1.4082179466883342,-0.30148416260878247,0.12624035278956094,0.9617734948794047,0.708710309592269
q00323,1.8982627391815186,-0.6787914435068766,0.780424028635025,1.6351359287897747,0.17064177594489027
q00324,1.2352664073308308,-0.47485708196957904,-0.7706274290879568,2.1438562870025635,0.17158214572729008
q00325,1.9939942359924316,-0.6296935280164083,-0.29510700702667236,1.2120233376820881,0.12389911118082199
q00326,1.6372778018315632,-0.6026558876037598,0.2243114709854126,1.4043056170145671,0.8843105040027612
q00327,1.678297758102417,-0.6739819049835205,0.7133564750353495,1.9873696565628052,0.30674027963057804
q00328,1.8199774424235027,-0.4655451476573944,0.1636868715286255,0.9908132553100586,0.07963075924607821
q00329,1.917348583539327,-0.5795957644780477,2.47657577196757,1.264132301012675,0.11307556319438464
q00330,1.0460144678751628,-0.16313949351509413,0.9063824613889059,0.9307061731815338,0.89138290516814
q00331,1.791794776916504,-0.5354623397191366,0.613705133398374,1.1796566247940063,0.04161457940761191
q00332,0.8837219874064127,-0.05923105962574482,0.6293573876221975,1.0452776948610942,0.2793423505835145
q00333,1.1675588289896648,-0.4181285798549652,0.1010885884364446,1.564199407895406,0.9564219321898078
q00334,0.7805955410003662,-0.15558159289260706,1.2599800030390422,1.0080970426400502,0.7863441586638186
q00335,1.0801240801811218,-0.33350566526254016,0.8177702724933624,1.5889577865600586,0.13381019568057823
q00336,0.8327897191047668,-0.09624638346334298,0.7895893454551697,1.0552602012952168,0.9198281565611002
q00337,1.1143437226613362,-0.3158103289703528,0.7857145468393961,1.6353965202967327,0.9538660690430972
q00338,0.7902982532978058,0.00957893580198288,0.5014233253896236,0.9975722233454386,0.9066821519323578
q00339,1.0372416973114014,-0.3519742836554845,-0.37857890749971074,1.5022811492284138,0.43519484641332623
q00340,1.3443147738774617,-0.5200279951095581,0.26545122886697453,1.6707414388656616,0.08436328763720595
q00341,0.9950846234957377,-0.25875283777713776,0.5023330052693685,1.4908576011657715,0.31509532103132243
q00342,0.7564863959948221,0.15827568620443344,0.8462289571762085,0.7731500466664633,0.8778882652257846
q00343,1.055034577846527,-0.25286449988683063,0.2325562040011088,1.2473435004552205,0.7808325651849856
q00344,1.094087580839793,-0.32875557740529376,0.34506472075978917,1.4294627904891968,0.6854701935670883
q00345,0.7955968976020813,-0.09069829185803731,-0.1424010619521141,1.1076322197914124,0.6836108378996335
q00346,0.7555464506149292,0.007431815067927043,-0.14936065301299095,1.1259288390477498,0.24872886206958916
q00347,0.8491703470547994,-0.3050258159637451,0.39391080538431805,1.857148806254069,0.6822730031381332
q00348,1.1269408464431763,-0.15228096892436346,1.2075189749399822,1.090322772661845,0.3647842264022112
q00349,0.984806219736735,-0.18690791726112366,0.1929280161857605,1.1316696008046467,0.9750104551557465
q00350,1.288040280342102,-0.47363972663879395,0.8302746216456095,1.6052064100901287,0.006971765652242489
q00351,1.1566675106684368,-0.4042331278324127,-0.31372255211075145,1.4707285165786743,0.3108579168627731
q00352,1.0315045913060505,-0.21833850940068564,1.1998128493626912,1.2675244013468425,0.7698068645617171
q00353,0.9550106922785441,-0.15551819217701754,0.47035157183806103,1.1696171363194783,0.9519823070461736
q00354,0.889040489991506,-0.1625218459715446,0.1848021000623703,1.1917186975479126,0.9269118967385053
q00355,1.4347033898035686,-0.13590898116429648,0.5782721837361654,0.8218709031740824,0.005222196635864862
q00356,1.043436050415039,-0.005444369589289029,0.8780709306399027,0.8844864169756571,0.2044520494183123
q00357,0.5034139355023702,1.8398412466049194,0.05343205730120341,0.6256913145383199,0.8477897386164649
q00358,1.0572227636973064,-0.3446180621782939,0.059810022513071694,1.6757619380950928,0.9374336718415113
q00359,1.4849350849787395,-0.1521028677622477,0.14064347930252552,0.8025861581166586,0.013173856670566982
q00360,1.7624881664911907,-0.46530139446258545,0.5330136666695277,1.0382245182991028,0.965724720822096
q00361,1.2937132517496746,-0.3193378150463104,0.996870239575704,1.3627262115478516,0.31540943609101
q00362,1.257220983505249,-0.3896683255831401,0.42262402176856995,1.2769403060277302,0.022428853821199676
q00363,1.2491244872411091,-0.4806889444589615,0.10209445655345917,1.7278393904368083,0.21733903349751932
q00364,0.5108117411533991,1.8398412466049194,0.41500024994214374,0.09560922533273697,0.08195490125285321
q00365,1.4203741947809856,-0.5388408203919729,0.23735151688257852,1.4854106903076172,0.10732300164032625
q00366,1.4090660015741985,-0.3719189167022705,1.2024141947428386,1.2774537801742554,0.010193515220022934
q00367,1.2574046055475872,-0.406762699286143,0.41294299562772113,1.4262139797210693,0.20049967082651055
q00368,1.4274248679478962,-0.5379676024119059,0.9777432680130005,1.9590669473012288,0.1145442514115399
q00369,1.1041828592618306,-0.4722935954729716,-0.2254929021000862,1.9566354751586914,0.832968776605547
q00370,1.4536888202031453,-0.48578667640686035,1.1629108985265095,1.4341236750284831,0.17653939030629395
q00371,1.0760989387830098,-0.4376220901807149,0.2411027948061625,1.6716521978378296,0.966551215683908
q00372,1.8117626508076985,-0.5691240032513937,1.9377193450927734,1.378799319267273,0.5429802061550171
q00373,1.2299664815266926,-0.3848364899555842,0.330714409550031,1.4384335279464722,0.24053722004330663
q00374,1.1695912679036458,-0.409054030974706,0.63803497950236,1.4477968613306682,0.2529264443966354
q00375,1.133272608121236,-0.3815107047557831,-0.165980936648945,1.7618463039398193,0.13753286953198823
q00376,1.3555305004119873,-0.48015018304189044,1.7072587807973225,1.6826011737187703,0.8617017536768056
q00377,1.2778952916463215,-0.2501323918501536,1.2616301774978638,1.179164171218872,0.8918116757016623
q00378,0.4944072763125102,0.2218485896786054,0.6680934230486552,0.8676700592041016,0.3736266192232696
q00379,0.967298666636149,-0.2958384156227112,1.4952471653620403,1.7466612259546916,0.5264561404840292
q00380,1.7342094977696736,-0.3739115297794342,0.5726895034313202,0.9052930871645609,0.9826569913762585
q00381,1.682242790857951,-0.6757897535959879,1.3521597385406494,1.7856920560201008,0.6818726572435194
q00382,1.1628780166308086,-0.473524550596873,0.9349973599116007,2.161445657412211,0.7309634407660693
q00383,1.7142919301986694,-0.3455623984336853,1.0374950567881267,0.9028663635253906,0.9970201674193916
q00384,-0.036436629171172775,1.8398412466049194,0.22323419153690338,-1.7433385848999023,0.7576243643125287
q00385,1.132268488407135,-0.22850446899731955,1.3891284068425496,1.065686027208964,0.740690838492351
q00386,1.0339677532513936,-0.2783396740754445,-0.4123828162749608,1.490432898203532,0.16455791646021484
q00387,1.1350679000218709,-0.21997290352980295,0.25953759749730426,1.1689049402872722,0.23313546897801707
q00388,1.5789246161778767,-0.24740088482697806,0.6774618029594421,0.8211958209673563,0.9952816816499893
q00389,1.1208508809407551,-0.025800396998723347,1.2486926714579265,0.7877109547456106,0.02624790311702051
q00390,1.4253970781962078,-0.5166200896104177,0.6482342680295309,1.648209015528361,0.8953516209558847
q00391,1.238194465637207,-0.16171078321834406,0.9766098658243815,0.9437791506449381,0.100398615364899
q00392,0.24212391674518585,1.8398412466049194,0.5082042788465818,0.31664418429136276,0.19244419990774084
q00393,0.9218209783236185,-0.43913031617800397,0.9977402985095978,1.5906227827072144,0.15425163390299776
q00394,1.3144791920979817,-0.44216107328732807,-0.025518373896678288,1.4379879633585613,0.7235975188612374
q00395,1.5300759077072144,-0.5053350329399109,1.187644124031067,1.5783573389053345,0.8008808858143833
q00396,1.4186850786209106,-0.3777942856152852,1.3468390703201294,1.3705464204152424,0.2440065173354356
q00397,1.6292678912480671,-0.5867654283841451,1.1031809449195862,1.7258865435918171,0.1567255737223313
q00398,1.9302548170089722,-0.6909184058507284,0.5945419569810232,1.494161605834961,0.04092203577686389
q00399,1.580507516860962,-0.27964215477307636,-0.2727801948785782,0.8333274920781454,0.18287464003109433
q00400,0.9928842385609945,-0.24917574475208917,1.2969036102294922,1.2918894092241924,0.13630552293273324
q00401,1.561156431833903,-0.6329669157663981,0.3507017493247986,1.9516323407491047,0.948271087835785
q00402,1.0123289227485657,-0.39830511808395386,-0.016567836205164593,1.8364187479019165,0.5766015498577102
q00403,1.2135361035664876,-0.17090660581986108,0.8854483763376871,1.2326608498891194,0.6510226431647186
q00404,1.4536992311477661,-0.5229896108309428,1.0291908184687297,1.5199720859527588,0.17872002762695618
q00405,1.3052747249603271,-0.3984849403301875,0.45266976952552795,1.6553446054458618,0.3298280818385444
q00406,1.4001331726710002,-0.533063938220342,-0.3787066986163457,1.7334479093551636,0.1512564713664843
q00407,0.24803474421302477,1.8398412466049194,0.23935050765673319,-1.7433385848999023,0.13966216680519106
q00408,1.6051501830418904,-0.4550844430923462,1.4533267815907795,1.334272027015686,0.2868146387530265
q00409,1.415450096130371,-0.5059176087379456,0.35777657975753147,1.6389087041219075,0.9113550710331739
q00410,1.473952849706014,-0.5462750693162283,0.32901093860467273,1.6891647577285767,0.08875545927230172
q00411,0.4978213310241699,-0.34167466560999554,-0.3646270806590716,0.4508189260959625,0.6612770372735322
q00412,1.0494765241940816,-0.21626612171530724,-0.0020711695154507956,0.9538731575012207,0.06398453768504124
q00413,1.6579770644505818,-0.5525807936986288,0.5348502000172933,1.4688220818837483,0.8622086077449689
q00414,1.709694544474284,-0.6901364326477051,0.19109751284122467,1.8003602425257366,0.08329901178431258
q00415,1.4464874664942424,-0.3360815445582072,0.8508311708768209,1.2741889953613281,0.7765954341093912
q00416,1.0207234025001526,0.09797219249109428,0.21178865743180117,0.6372794210910797,0.11174477066882163
q00417,0.588559885819753,0.1908616398771604,0.7039376099904379,0.45257216940323514,0.2046829315902211
q00418,1.6276057561238606,-0.5718932747840881,1.9147515694300334,1.6673575639724731,0.8989563321050595
q00419,1.1795204083124797,0.0074681490659713745,0.5538355310757955,0.7494010130564371,0.17457724828101362
q00420,1.2135849992434184,-0.16324473917484283,0.1778449813524882,0.7806250055631002,0.777055004539017
q00421,1.2312080065409343,-0.36519157886505127,-0.1218953300267458,1.4602714776992798,0.12099696725689418
q00422,0.9267093539237976,-0.014313332736492157,0.8888218402862549,0.9232571125030518,0.029781368788583146
q00423,1.5677453676859539,-0.3921029170354207,0.986972451210022,1.1593280633290608,0.29892891192037585
q00424,1.0497507254282634,-0.31543685992558795,1.747368335723877,1.180966854095459,0.5170795358840148
q00425,-0.22680299853285155,1.8398412466049194,0.018812308708826702,-1.7433385848999023,0.6440644866832979
q00426,1.4003762205441792,-0.3616521743436654,1.2946511109670003,1.347666581471761,0.3368273585039123
q00427,1.4991645018259685,-0.5453304847081503,0.581755797068278,1.5434071620305378,0.10315870416423377
q00428,0.6393470764160156,0.2046379248301188,0.5232018232345581,0.5549139529466629,0.924098570197595
q00429,0.8828495939572653,-0.248033344745636,0.4056077568481366,1.07648366689682,0.3622216828927781
q00430,1.0162787437438965,0.0421763559182485,1.087045709292094,0.7720717986424764,0.7047742769316659
q00431,1.2528599500656128,-0.17519124783575535,0.7195282975832621,0.9717081983884176,0.7308312601443672
q00432,1.9240193367004395,-0.642669141292572,2.0649644136428833,1.6349777777989705,0.9224061237713889
q00433,1.4220842917760212,-0.4735671877861023,0.11614511410395305,1.3636349042256672,0.024424789732026643
q00434,0.01315636932849884,0.12975392738978067,-0.22348909576733908,-1.7433385848999023,0.2508853223491243
q00435,0.728501558303833,0.09297706683476765,0.0876848300298055,0.6132553517818451,0.3123401559459997
q00436,-0.1356436237692833,1.8398412466049194,0.04827497402826945,-1.7433385848999023,0.18524508525352223
q00437,1.0558858513832092,0.03932006160418192,0.758572002251943,0.8134886026382446,0.23073530743844028
q00438,1.2887451648712158,-0.37208125988642377,0.1608592172463735,1.3076566060384114,0.11033660223552841
q00439,0.43920545776685077,-0.09070558287203312,0.24587521950403848,0.6893303592999777,0.1923870764307128
q00440,0.8290732900301615,0.1219602922598521,-0.6752203305562338,0.7036433418591818,0.8092134593962218
q00441,1.2982769012451172,-0.2578337788581848,0.09756153573592503,1.011123538017273,0.19321800938446945
q00442,1.0119386116663616,0.025876037776470184,1.2131754954655964,0.9373595714569092,0.909783504668197
q00443,1.2649859984715779,-0.33738423387209576,0.21470297127962112,1.1594688097635906,0.32295750704923554
q00444,0.11951012909412384,1.8398412466049194,-0.08449743191401164,-1.7433385848999023,0.6284543969423515
q00445,1.6456997791926067,-0.43782026569048565,0.8246984283129374,1.1240234573682149,0.1099675020816939
q00446,1.111122687657674,-0.2560396542151769,0.15206088746587434,1.0220468839009602,0.2480678549544924
q00447,1.4748655954996746,-0.2672208634515603,0.34432510038216907,0.8954199949900309,0.7664161625310534
q00448,1.7656591335932414,-0.49834170937538147,0.7060488859812418,1.1361775795618694,0.09193132861098335
q00449,1.6016897757848103,-0.5301619867483774,0.6896985769271851,1.3274048169453938,0.6386595360153526
q00450,1.199837605158488,-0.2464049110809962,1.2437294324239094,1.260382612546285,0.05069067629009701
q00451,1.1373540957768757,-0.3733694752057393,-0.09777570764223735,1.2987759113311768,0.9136610223575341
q00452,1.545945644378662,-0.3642139434814453,0.6701804002126058,1.1202661593755086,0.5894174475329892
q00453,1.0818210045496623,-0.3466731160879135,-0.17744936545689902,1.5989572207132976,0.17397789500161304
q00454,1.3043469587961833,-0.22468691567579904,0.6487728655338287,1.0302239457766216,0.1112989624612662
q00455,1.5615477561950684,-0.3847832679748535,-0.1609935685992241,0.9618389010429382,0.16451843187488077
q00456,1.741418480873108,-0.48079557220141095,-0.08486535400152206,0.9844904541969299,0.9706459277178527
q00457,1.7403945128122966,-0.5143269101778666,0.5597420136133829,1.1622508764266968,0.9684586584607989
q00458,1.3623558680216472,-0.3345985809961955,1.7548166116078694,1.2625147501627605,0.5245563953108864
q00459,1.8183663686116536,-0.8255126476287842,1.4665050705273945,2.0479499896367392,0.6992851322286878
q00460,1.0891160170237224,-0.432968407869339,-0.13018420773247877,1.7196869850158691,0.9576006046508734
q00461,1.1961414813995361,-0.30426092942555744,0.8270184000333151,1.342742125193278,0.6318601058838451
q00462,1.102098027865092,-0.2949661910533905,0.21448169151941934,1.4729033708572388,0.222820608929225
q00463,1.8361515204111736,-0.47657275199890137,0.5748586182792982,1.0046782692273457,0.9634395986006926
q00464,1.6344445943832397,-0.32618288199106854,-0.48755315442879993,0.9543060262997946,0.8932435221191282
q00465,1.3704110781351726,-0.30206942558288574,1.2825073798497517,1.3587960799535115,0.24474866588355165
q00466,1.3902655045191448,-0.436449259519577,1.834844946861267,1.3113261461257935,0.07639686402464876
q00467,1.6762706836064656,-0.44181135296821594,0.3807227648794651,1.0824475487073262,0.062001374423711376
q00468,1.5343595743179321,-0.37860960761706036,0.7216897408167521,1.1366679271062214,0.9136719308302885
q00469,0.4287852942943573,1.8398412466049194,0.6674505074818929,0.4051118791103363,0.24546644715268512
q00470,0.6120534638563792,1.8398412466049194,0.7036119401454926,0.5366677592198054,0.8455806205298225
q00471,1.6698878208796184,-0.3423621853192647,1.029874324798584,0.9112346371014913,0.9633641457078632
q00472,1.9463714758555095,-0.592280368010203,0.43440961837768555,1.2122806708017986,0.956888744992293
q00473,1.9028598070144653,-0.6112757523854574,0.3156878550847371,1.3374883731206257,0.7720088406857806
q00474,1.4281088908513386,-0.4288726846377055,0.4607747048139572,1.4320647319157918,0.13614270351785807
q00475,1.7301221291224163,-0.45885245005289715,1.257259448369344,1.151878555615743,0.9528684266192895
q00476,1.6893374522527058,-0.40347810586293537,1.1971414883931477,0.9928099711736044,0.10767100563186127
q00477,1.672284722328186,-0.31138647099335987,0.08621131007870038,0.8243904709815979,0.9196918454561563
q00478,1.3160041570663452,-0.40166009465853375,0.7434621850649515,1.4436004161834717,0.8906738212913734
q00479,1.3830740451812744,-0.5638062159220377,1.491697907447815,1.8256635268529255,0.22068175558368955
q00480,1.6799705425898235,-0.39690230290095013,0.22313734889030457,0.8940542936325073,0.8733748841295166
q00481,0.8325709104537964,0.03326855227351189,0.3193975289662679,0.8410131732622782,0.025372484073205054
q00482,1.1381291349728901,-0.29667191207408905,0.08928122868140538,1.2172167301177979,0.07581908076686332
q00483,1.584066351254781,-0.45127345124880475,0.39726604024569195,1.2657383282979329,0.5537618897590284
q00484,1.6761943101882935,-0.3816968500614166,0.7656102975209554,0.8897036910057068,0.22658604377586866
q00485,0.9005226095517477,0.009494900703430176,0.7145315309365591,0.8089378476142883,0.30008725840386086
q00486,1.5155552228291829,-0.4958306650320689,0.10781078040599823,1.262569546699524,0.06170147762875591
q00487,0.8540727098782858,-0.2381615787744522,-0.33226412410537404,1.6790653069814045,0.3045931829629385
q00488,-0.08772808313369751,1.8398412466049194,0.2536521504322688,-1.7433385848999023,0.23570811504973446
q00489,1.5334012905756633,-0.34818747142950696,0.4761542081832886,0.9936999281247457,0.9138592891172235
q00490,-0.5272907118002573,-0.1461078574260076,-0.29172516614198685,-1.7433385848999023,0.3797804895984422
q00491,1.5635208288828533,-0.4676702817281087,0.39610370869437855,1.2462887366612752,0.10902109920084982
q00492,1.8923604488372803,-0.648082435131073,-0.031576077143351235,1.2857681115468342,0.09066857871440359
q00493,1.2182825803756714,-0.4171583453814189,0.5792268216609955,1.725933035214742,0.07554810452179225
q00494,0.8867383003234863,-0.19374021391073862,0.31986674666404724,1.0131189823150635,0.0999325967132752
q00495,0.43170738220214844,-0.30792540560166043,-0.23041044672330221,0.4076252182324727,0.8035075274790878
q00496,1.2092191576957703,-0.18444701035817465,0.3978329698244731,1.1256603598594666,0.1805268002131662
q00497,1.3569800853729248,-0.5590351521968842,0.3179459472497304,1.7130469878514607,0.6360026075627354
q00498,1.0123834212621052,-0.013458346327145895,0.6164143085479736,0.754175861676534,0.007652390171981217
q00499,1.9030905564626057,-0.4565686782201131,0.6602421750624975,0.9413394927978516,0.2712643930949694
q00500,2.0173271099726358,-0.7414676149686178,1.3070542812347412,1.6444432735443115,0.1295893751439465
q00501,1.8634059429168701,-0.7043263713518778,0.5478034714857737,1.6248159408569336,0.041378336992596985
q00502,1.220842758814494,-0.2347224826614062,1.4681931336720784,1.1859187682469685,0.832227775408893
q00503,1.2472843329111736,-0.13960623616973558,0.21998770100375017,0.7849752902984619,0.06711922608505241
q00504,0.08146448868016402,1.8398412466049194,0.21995334575573602,-1.7433385848999023,0.3507204120906555
q00505,0.5127545843521754,1.8398412466049194,0.7542865872383118,0.26388299216826755,0.30841534410285343
q00506,1.5088913440704346,-0.3490135173002879,-0.12344118456045787,0.9246163169542948,0.12345091210926984
q00507,1.236387054125468,-0.4332684775193532,0.7943549950917562,1.6979860464731853,0.2710436187206195
q00508,1.4131228129069011,-0.2974327802658081,1.278157889842987,1.0960824092229207,0.22126447188944576
q00509,1.5269031922022502,-0.3160143991311391,0.5698396066824595,1.037522554397583,0.8618998205507774
q00510,1.3477295239766438,-0.4375753402709961,0.1678196539481481,1.5295294920603435,0.3879643847080262
q00511,1.3878096739451091,-0.2532089054584503,0.15868625044822693,0.934514323870341,0.0387615280193194
q00512,1.497204303741455,-0.3972151478131612,1.1871007879575093,1.1652448972066243,0.08314379691643006
q00513,2.0444389979044595,-0.5450809200604757,1.7941180070241292,1.0747639735539753,0.22783495949008378
q00514,1.139814019203186,-0.035200195076564945,0.20609607423345247,0.7458699345588684,0.6317678087214715
q00515,1.1961828072865803,-0.13811538989345232,-0.15830549970269203,0.8414361874262491,0.008058811212022371
q00516,2.104866544405619,-0.5338715314865112,0.7810572385787964,1.0349600712458293,0.006568113034756965
q00517,1.0010428229967754,-0.08613670244812965,0.12295284867286682,0.9111322164535522,0.9730560109927007
q00518,1.3653227885564168,-0.2802717586358388,-0.4713074564933777,1.0205381512641907,0.3459144212415055
q00519,1.5173819462458293,-0.5071984529495239,0.5706834644079208,1.5781762599945068,0.18885764115084427
q00520,0.9070490201314291,0.15762140850226083,0.8559438586235046,0.6257928808530172,0.957981341845469
q00521,1.3498210509618123,-0.2979762901862462,0.5500239233175913,1.082178791364034,0.015926921629673952
q00522,1.8273191054662068,-0.5526997447013855,0.7194581031799316,1.130138874053955,0.9919298313455166
q00523,1.0723176995913188,0.11407430469989777,0.7526304721832275,0.6242572665214539,0.11418820035451958
q00524,1.8761214812596638,-0.4337254961331685,0.12428650756676991,0.8788794676462809,0.6489889645522826
q00525,1.5745004812876384,-0.5824090242385864,1.143043835957845,1.561043659845988,0.7424500081609455
q00526,1.0292581121126811,0.16381104538838068,0.34656959275404614,0.5575423041979471,0.026281649319040166
q00527,1.776735742886861,-0.5996873180071512,0.0012924472490946453,1.265335480372111,0.055859777666665535
q00528,1.4072187741597493,-0.13775237401326498,0.4301959772904714,0.8193724950154623,0.785626285364655
q00529,1.7041407426198323,-0.5540566047032675,1.9524962504704793,1.4298841555913289,0.920956672576887
q00530,1.2024380763371785,-0.0723351240158081,0.8020695249239603,0.7842083175977071,0.1447987153538271
q00531,1.6464083989461262,-0.5066606998443604,0.726432204246521,1.3235646883646648,0.11115033714521749
q00532,1.4928278923034668,-0.5050001939137777,0.8899412155151367,1.4003839095433552,0.9678076156495274
q00533,0.9414664308230082,-0.016565720550715923,0.502863789598147,0.8647856116294861,0.009532744907452786
q00534,1.1102075179417927,-0.21973699827988943,0.2914815495411555,1.016704797744751,0.9774796200249808
q00535,1.3657503128051758,-0.1913282722234726,0.5156699518362681,0.8370909889539083,0.986693334361928
q00536,1.6819895108540852,-0.4675847589969635,0.902526875336965,1.2960526545842488,0.16653549688027394
q00537,1.0399355093638103,-0.06566532452901204,0.9052662253379822,0.9163294235865275,0.041782556284076296
q00538,1.1574064294497173,-0.08106687664985657,1.5788162151972454,0.9390251835187277,0.8113241739921828
q00539,0.796384592851003,0.17906075716018677,0.7462832828362783,0.5972718199094137,0.8710315737927146
q00540,1.5019566615422566,-0.27427148818969727,1.0942434668540955,0.9111449519793192,0.9751425023988213
q00541,1.356574296951294,-0.1372903287410736,1.2917259136835735,0.7636239329973856,0.3065747995213102
q00542,1.1017041603724163,0.0324092743297418,0.4910378158092499,0.6491839090983073,0.029234267079942276
q00543,0.9218769073486328,-0.2334824800491333,0.15844469517469406,1.497879942258199,0.029002523823611282
q00544,0.7065586050351461,1.8398412466049194,0.9867622256278992,0.6801779667536417,0.7418075894245533
q00545,1.5509546200434368,-0.4582765797773997,0.9696093797683716,1.323291818300883,0.9042410166365429
q00546,1.033072829246521,0.034247531866033874,0.3610818386077881,0.673457403977712,0.00443167229740614
q00547,1.3044424454371135,-0.3605629950761795,0.2837037766973178,1.0624899864196777,0.0027344658085797923
q00548,1.1726572910944622,-0.22552748521169028,0.6956797987222672,1.2127463420232136,0.9292962048868867
q00549,0.7627018094062805,-0.19639944781859717,0.8692233761151632,1.305338482062022,0.3304358614702402
q00550,1.7401526769002278,-0.42121976613998413,0.4055368850628535,0.8800977865854899,0.009729518590858037
q00551,1.379169185956319,-0.0957575390736262,-0.10658525923887889,0.6849793593088785,0.20581211807879732
q00552,0.48878444234530133,1.8398412466049194,0.5289603471755981,0.21648193895816803,0.07047997731906247
q00553,1.3387357393900554,-0.3938226302464803,0.9887285232543945,1.369048277537028,0.40588506702325516
q00554,1.4088636636734009,-0.2765558212995529,0.42645514011383057,0.935540517171224,0.12184522128603541
q00555,1.3402352333068848,-0.5255557298660278,1.3680607477823894,1.9825713634490967,0.7096724736143377
q00556,1.7529670000076294,-0.5122614900271097,0.30108190576235455,1.1976441144943237,0.7029035582995615
q00557,1.47549835840861,-0.405630499124527,0.37498172124226886,1.0660083691279094,0.992674002566864
q00558,1.2506891091664631,-0.3759026924769084,-0.2930376281340917,1.5077450672785442,0.8443747655662501
q00559,1.5001757542292278,-0.2688574194908142,1.1712429920832317,0.9045325517654419,0.1820471720067032
q00560,1.41942564646403,-0.5034212172031403,0.8300707737604777,1.4915732542673747,0.0728890546322294
q00561,1.7348358233769734,-0.5037435094515482,0.46860024333000183,1.0193957090377808,0.9940857746034428
q00562,0.9087679386138916,-0.08081747715671857,1.1484790841738384,0.943689783414205,0.8193462121774986
q00563,1.8613323370615642,-0.46649645765622455,0.8274802565574646,1.022947867711385,0.6956601417684731
q00564,1.317369818687439,-0.32670409480730694,0.7286805311838785,1.2098395029703777,0.24717199228126654
q00565,1.4695737759272258,-0.5604598522186279,0.13826085378726324,1.4036517937978108,0.008013674088123297
q00566,1.0614757935206096,0.07433677713076274,0.9632845918337504,0.8843255043029785,0.25540377457652647
q00567,1.128618876139323,-0.268808181087176,-0.14914364740252495,1.0790873765945435,0.1423007094550949
q00568,1.7350914875666301,-0.3787559097011884,0.3942248423894246,0.8799040913581848,0.3349658120550119
q00569,1.5097638765970867,-0.3249812622865041,1.1666805744171143,1.0462066928545635,0.6420422693409493
q00570,1.6443901856740315,-0.28327059249083203,0.6962458690007528,0.8305383125940958,0.11351400328322434
q00571,1.5121527512868245,-0.44833751519521076,1.2737682660420735,1.2229126691818237,0.7942798511898064
q00572,1.7256206274032593,-0.35276703039805096,0.7402331431706747,0.85978235801061,0.9635892029153413
q00573,1.4798479080200195,-0.46621251106262207,1.2678166230519612,1.5853649377822876,0.7214713281829811
q00574,1.507662574450175,-0.29225580890973407,0.4472481807072957,0.8693066239356995,0.11074298520662491
q00575,0.09117164214452107,1.8398412466049194,-0.5968446607391039,0.6430672705173492,0.8463112729081397
q00576,0.6641952594121298,0.19321811757981777,0.29500691158076126,0.6873413721720377,0.85284483324066
q00577,0.6705045998096466,0.09195794599751632,0.2076399028301239,1.0963412523269653,0.289742866971816
q00578,0.8194444179534912,0.17750916381676993,0.5934141278266907,0.6447743078072866,0.18563073575765324
q00579,1.2910716533660889,-0.4291238834460576,-0.09024077653884888,1.3332438071568806,0.6570909601600771
q00580,0.9815938472747803,0.010267118612925211,0.6203888555367788,0.853689988454183,0.016011232649504173
q00581,1.2613123655319214,-0.1352699100971222,0.202688197294871,0.7728878855705261,0.5629508670536206
q00582,1.1517722606658936,-0.14369742075602213,0.8447041511535645,0.8460221091906229,0.002716739721836562
q00583,0.5602025190989176,1.8398412466049194,-0.03481297132869562,0.5583819250265757,0.19623455800551562
q00584,0.8724453846613566,-0.06659892698129018,0.28889039903879166,1.0975993076960247,0.23657880925109087
q00585,0.8887666265169779,-0.08827113608519237,1.2816739479700725,1.1031280557314556,0.08380217175181029
q00586,0.7725490927696228,1.8398412466049194,0.941151758035024,0.5440022945404053,0.24013176500726918
q00587,1.4911808967590332,-0.5799702703952789,1.541293462117513,1.350847562154134,0.5990550817019278
q00588,1.1574431657791138,-0.4342888320485751,0.9617227911949158,1.9978550275166829,0.6479502578277139
q00589,0.9865990281105042,0.03243802239497503,0.9556421041488647,0.7768070101737976,0.7405158143109328
q00590,0.8771141568819681,0.1033118764559428,0.8550940752029419,0.7746152281761169,0.5775867538752316
q00591,1.546047608057658,-0.4063365658124288,1.533806840578715,1.2744123538335164,0.810044614254138
q00592,1.2501422961552937,-0.39092929164568585,-0.015390235930681229,1.1780407428741455,0.007055731106479633
q00593,0.9239587386449178,0.14550461433827877,0.9489795764287313,0.6250317295392355,0.6229942707551036
q00594,1.2142017682393391,-0.17197996377944946,0.1448208043972651,0.9768321712811788,0.9475364286524486
q00595,0.9704642295837402,-0.10388829310735066,1.164294918378194,1.1101085344950359,0.7971040134388658
q00596,1.1215780178705852,-0.3681686917940776,-0.3201529085636139,1.5064845085144043,0.13043083482715054
q00597,1.2068783044815063,-0.1499551236629486,1.0132237672805786,0.9275326728820801,0.16410412328618948
q00598,1.4029241005579631,-0.5040690700213114,1.021068533261617,1.475526253382365,0.004052306576582869
q00599,0.9099889198939005,0.04889865219593048,0.42950621992349625,0.8301569024721781,0.8009729248354956
q00600,0.6974361936251322,0.21782878786325455,0.6191695729891459,0.5068586766719818,0.9066167124901181
q00601,0.6530514160792033,0.24342212080955505,0.8277486165364584,0.5568968057632446,0.005768881994604371
q00602,1.5399152835210164,-0.45502611994743347,0.7230368653933207,1.333133379618327,0.5587529212137072
q00603,1.0640674630800884,-0.1515046519537767,0.09600215156873067,1.0939497749010723,0.05734976182175528
q00604,1.5793677965799968,-0.5354439616203308,0.3113956016798814,1.1754469474156697,0.7623493679595468
q00605,0.8162172039349874,0.014125785479942957,0.3284759968519211,0.7956521908442179,0.16399158266442548
q00606,0.6311741868654887,1.8398412466049194,0.2549728179971377,0.6581540803114573,0.6398872292146885
q00607,1.3447972536087036,-0.28288857142130536,1.4386518994967143,1.2326691150665283,0.11068746328405063
q00608,1.3035091559092205,-0.3377162317434947,0.1554178719719251,1.1271414359410603,0.12939844803476813
q00609,1.0066360831260681,-0.06875545376290877,0.77754278977712,0.8514326413472494,0.0082664435007933
q00610,1.4438963731129963,-0.5799574454625448,-0.17140724261601767,1.5511653820673625,0.7604633055603915
q00611,0.47516853362321854,-0.04978834340969721,0.3007776166001956,0.9700456360975901,0.20783083495829763
q00612,1.2374810775121052,-0.5778751174608866,0.1882801204919815,1.8369993368784587,0.24295579495481434
q00613,1.094062606493632,-0.028149591758847237,0.9634631872177124,0.8098646799723307,0.016778266833631143
q00614,1.3069991668065388,-0.45640701055526733,0.5519397457440695,1.2527801791826885,0.212816879605013
q00615,0.9551544586817423,-0.2089176302154859,-0.09564286222060521,1.425411343574524,0.17507933802082132
q00616,0.9399707317352295,-0.07909927392999332,0.03643721342086792,0.8163315057754517,0.017939375982257224
q00617,0.9030729134877523,-0.26088788857062656,0.6940187613169352,1.0095536311467488,0.3745108056630184
q00618,1.1937539676825206,-0.34816258152325946,0.7162880251804987,0.9248906870683035,0.39884348797483593
q00619,1.1324103474617004,-0.30399367213249207,0.814736525217692,1.2795031865437825,0.009912066417705935
q00620,0.5915893316268921,-0.22878083089987436,0.5960379739602407,1.1906700730323792,0.5585702232906173
q00621,0.79939071337382,1.8398412466049194,0.45585519075393677,0.31443125506242114,0.04854242323085041
q00622,1.3041301568349202,-0.02821895231803258,0.3886924634377162,0.662281314531962,0.021229471992510157
q00623,1.0201873977979024,-0.04960782080888748,0.18698828294873238,0.8359216252962748,0.2911991998531619
q00624,0.9209081530570984,-0.16501363615194956,0.4253893295923869,1.163908878962199,0.18445360382306986
q00625,0.7240392168362936,-0.14440675328175226,-0.2345589610437552,0.8559879263242086,0.3526629903977936
q00626,0.9791435599327087,-0.01708541065454483,0.48905862867832184,0.8845941424369812,0.9910807968614861
q00627,1.384412368138631,-0.42920700709025067,0.20190543929735819,1.2477492094039917,0.032505053876323464
q00628,1.1145036617914836,-0.12889650960763296,0.5472203840812048,1.0064764420191448,0.9778380686294237
q00629,1.2946852445602417,-0.33275779088338214,0.6987613340218862,1.2729061444600422,0.7850687147162506
q00630,1.0026538769404094,-0.09036834041277568,0.5585941076278687,0.9307951331138611,0.989490930241787
q00631,0.8840263684590658,-0.009962408492962519,1.18323814868927,1.0625255703926086,0.16657916947315687
q00632,1.2055799563725789,-0.1940799355506897,1.3186192909876506,1.0439043442408245,0.01881347822761246
q00633,1.1516254742940266,-0.46677043040593463,1.2760485013326008,1.6492478847503662,0.9222126725102897
q00634,1.4050383965174358,-0.45748794078826904,1.231997807820638,1.4447528918584187,0.1376718142251544
q00635,0.6641384561856588,0.08553638557593028,-0.39711901048819226,1.2566494544347127,0.8539732944640023
q00636,0.48901037375132245,1.8398412466049194,0.5067977706591288,0.5169674754142761,0.26937530685288025
q00637,0.6481280326843262,0.07822605470816295,-0.8204646905263265,1.237600048383077,0.15577773283689322
q00638,1.8013670444488525,-0.35522546370824176,0.9920140504837036,0.9027768969535828,0.6876285841058808
q00639,0.9049734473228455,-0.08753663301467896,0.06071742375691732,1.0807534058888753,0.7377227473135649
q00640,0.5004816055297852,1.8398412466049194,0.17441165198882422,0.3703485590716203,0.3867274756567747
q00641,1.4882042010625203,-0.45392786463101703,0.3099478632211685,1.323577642440796,0.9507163680062538
q00642,1.5734575192133586,-0.4396313826243083,1.1794932621220748,1.229541579882304,0.7534045198495015
q00643,0.9034379522005717,-0.29419541358947754,-0.3697838559746742,1.6104607184727986,0.883451938836646
q00644,1.490240216255188,-0.4274383882681529,0.27206231529513997,1.120465079943339,0.7370496194355551
q00645,1.4523402452468872,-0.3508785665035248,1.1822046836217244,1.0766677459081013,0.7661230734877411
q00646,1.3542935848236084,-0.4465445876121521,0.9176411628723145,1.3666963577270508,0.03211360922825385
q00647,0.7454099655151367,0.15226784348487854,0.770454982916514,0.5431244820356369,0.8093944749693048
q00648,1.1071341435114543,-0.3183622856934865,-0.16339673101902008,1.4674319823582966,0.8198946681583921
q00649,1.5628151098887126,-0.4242485264937083,0.3816463177402814,1.078560749689738,0.8614871892670213
q00650,1.6744120121002197,-0.56094824274381,1.0127986669540405,1.3243873119354248,0.8153380262856217
q00651,1.329628825187683,-0.3592947721481323,0.6059824923674265,1.15852157274882,0.006554531828535317
q00652,1.3214177290598552,-0.4448586304982503,0.1437209596236547,1.4193198680877686,0.8139022528580054
q00653,1.8734230995178223,-0.5025229454040527,0.4031670391559601,0.9872220953305563,0.9687132215685447
q00654,1.5298196077346802,-0.632391889890035,0.722939521074295,1.7782479524612427,0.050178011128433085
q00655,1.2497081756591797,-0.28237632910410565,0.472456415494283,1.015802522500356,0.001789258545130114
q00656,1.886861801147461,-0.6933544079462687,0.5375587083399296,1.6339487234751384,0.7561755990343147
q00657,1.7447691361109416,-0.5479158759117126,-0.12890644371509552,1.1891278823216755,0.9247150198204477
q00658,0.6389527420202891,-0.40944233040014905,0.05316500862439474,0.6015318433443705,0.1269148549557381
q00659,1.1231522758801777,-0.18035284678141275,0.5682540138562521,1.1232903401056926,0.8491369954494039
q00660,1.4725055297215779,-0.4868425528208415,0.6820196111996969,1.29756494363149,0.05003501932241304
q00661,1.8619427680969238,-0.6642286777496338,1.4834967851638794,1.7849984566370647,0.27005953851323244
q00662,1.594107190767924,-0.3741006851196289,0.5362033694982529,1.0319185654322307,0.14184033766115223
q00663,2.1254013776779175,-0.6565896471341451,0.4583798348903656,1.1921602487564087,0.30099396024129815
q00664,1.5531318187713623,-0.5136239528656006,0.738762378692627,1.2699425220489502,0.8209740519661017
q00665,1.5012208223342896,-0.5181223650773367,0.7965941031773885,1.4289021492004395,0.1562886459545565
q00666,1.9687012434005737,-0.5260015428066254,0.32370492567618686,1.0100103616714478,0.701166162841172
q00667,1.9836457173029582,-0.6616125305493673,0.13851875315109888,1.4680112997690837,0.12989990155024506
q00668,1.1952139536539714,-0.17458214859167734,-0.29391536737481755,1.1340734163920085,0.6092319991963553
q00669,0.29071475317080814,1.8398412466049194,0.4555821518103282,0.07451991240183513,0.5150505675266039
q00670,1.8288901646931965,-0.6701812148094177,0.910099446773529,1.744483510653178,0.9412851801370781
q00671,1.5642033815383911,-0.5612249573071798,0.5623453458150228,1.4776990016301472,0.19819016913825677
q00672,1.5540385643641155,-0.5550163785616556,0.4116819053888321,1.4295239448547363,0.9341921235690827
q00673,2.1876196463902793,-0.7170357704162598,1.290118932723999,1.5764387845993042,0.10523475697960127
q00674,1.2867498397827148,-0.3268197526534398,1.575801968574524,1.2786067724227905,0.9126172558855616
q00675,0.8042118748029073,0.06501011674602826,0.751054048538208,0.7700086633364359,0.9673175315851342
q00676,1.4254850546518962,-0.4737362265586853,0.2126192053159078,1.3165411949157715,0.7855140128055194
q00677,1.679410457611084,-0.46968597173690796,0.8643220265706381,1.2435352404912312,0.1022962625344068
q00678,1.7831252813339233,-0.5958833396434784,0.8598592480023702,1.2662557363510132,0.8486014617604242
q00679,1.4481902519861858,-0.42301971713701886,-0.5324364801247915,1.2163077592849731,0.18747576289611337
q00680,0.8796903888384501,-0.041096617778142296,0.16483990351359049,0.8249851763248444,0.08829489520639094
q00681,0.5549367715915045,0.10850248237450917,0.7848213662703832,0.42504676431417465,0.21362678695098666
q00682,0.9111051162083944,0.11000831673542659,0.21545244132479033,0.6902762452761332,0.7867729081687249
q00683,1.4942081769307454,-0.5118875851233801,1.4277794361114502,1.6640437444051106,0.8816468141879847
q00684,1.645330826441447,-0.48029252886772156,0.6348840594291687,1.232149322827657,0.029298724612923058
q00685,1.2671444813410442,-0.31170324484507245,1.798444112141927,1.2080587943394978,0.5918648451163823
q00686,1.6881316502888997,-0.6286369760831197,-0.00583148996035258,1.4969550371170044,0.06951862592703284
q00687,0.7530739804108938,-0.15396185964345932,-0.04322225724657377,0.6445093601942062,0.8952250821613539
q00688,0.7719774842262268,-0.007814879218737284,1.163911521434784,1.047513633966446,0.9666712937582567
q00689,1.5451882282892864,-0.556044320265452,-0.026945579797029495,1.4052867889404297,0.0103108362489474
q00690,0.9345467984676361,0.02695011595884959,0.3510403484106064,0.735902930299441,0.3298896209209863
q00691,0.6898147066434225,-0.03660852462053299,-0.18259542187054953,1.2162320613861084,0.16459705470428362
q00692,1.7301935752232869,-0.5862768689791361,0.7359884182612101,1.4065666993459065,0.01697861632062207
q00693,1.5425933996836345,-0.5278500318527222,-0.513446698586146,1.4653263886769612,0.28244365511731984
q00694,0.979428788026174,-0.09888730943202972,1.0603345235188801,1.2511717478434246,0.04011957350423297
q00695,1.06737885872523,-0.07601819994548957,0.9029487570126852,0.9889168540636698,0.18335642177634645
q00696,1.511865456899007,-0.593854029973348,0.8817069927851359,1.9027715126673381,0.9713243113564064
q00697,1.012859304745992,-0.18533911804358164,-0.21962890898187956,1.5591540336608887,0.19103227802525297
q00698,1.2006314198176067,-0.23147723575433096,0.6514934698740641,1.0015602906545003,0.017588535758039904
q00699,1.4843812783559163,-0.25840624670187634,0.7533455888430277,0.8489139080047607,0.812292077239039
q00700,1.4268447558085124,-0.3595864276091258,1.001712481180827,1.0504209597905476,0.03412418382347504
q00701,1.6207928657531738,-0.4020088315010071,0.6972044308980306,1.0792880058288574,0.15068918567862238
q00702,0.9869041442871094,0.08638087163368861,0.6906672517458597,0.7385566234588623,0.7976164745847651
q00703,1.343436360359192,-0.5420109828313192,-0.2896116115152836,1.8129349549611409,0.0773576396174334
q00704,1.767620841662089,-0.5349175532658895,1.0216503341992695,1.1485025882720947,0.9790551069902321
q00705,0.7697988450527191,-0.24108387529850006,0.6792696093519529,1.6992058753967285,0.3243997675638006
q00706,1.5011219183603923,-0.5449363787968954,-0.04236083229382833,1.4005275170008342,0.01045454420291442
q00707,1.1331384976704915,-0.06530334800481796,1.3396593928337097,0.9377419749895731,0.8294738531224801
q00708,1.4347648620605469,-0.3779277006785075,0.415213276942571,1.1030396223068237,0.7864830357327044
q00709,0.8933039506276449,-0.053214337676763535,0.40586382150650024,1.0424590309460957,0.8329751924811251
q00710,0.6003747979799906,-0.09447156886259715,0.8676694879929224,0.7530899743239085,0.7903061169336414
q00711,1.5409350395202637,-0.5228437781333923,0.9090704123179117,1.551693081855774,0.018525808685552328
q00712,0.8627983331680298,0.06805344919363658,-0.33142943183581036,0.7120497028032938,0.17367168429578203
q00713,1.5771097739537556,-0.556260754664739,0.19471978147824606,1.3110510508219402,0.9845700694748274
q00714,0.9154116908709208,0.04993842417995135,1.1483050187428792,0.8471327622731527,0.40427021797114204
q00715,1.6042733192443848,-0.5305142203966776,1.2896300554275513,1.347539742787679,0.002437276708112949
q00716,1.9957475662231445,-0.6469291647275289,1.3892861207326253,1.599007248878479,0.04805916917344385
q00717,1.1375269889831543,-0.2977630098660787,0.5748424232006073,1.3707171281178792,0.6287255475374975
q00718,1.7611414988835652,-0.4938979645570119,0.07593899965286255,1.0301451683044434,0.08186260011619469
q00719,1.5185314019521077,-0.3822874079147975,-0.3410685658454895,1.17951504389445,0.5714352069476494
q00720,1.185211141904195,-0.4248665968577067,0.5925544202327728,1.99216628074646,0.2382659126706405
q00721,1.8726589282353718,-0.4577130774656932,0.6641572241981825,0.9572875698407491,0.0836882567541195
q00722,0.37023983895778656,0.18275967985391617,0.5925462444623312,0.4452402591705322,0.8045356434279891
q00723,1.4934980471928914,-0.3265742212533951,1.1669966677824657,1.1431452830632527,0.09815877459262759
q00724,0.7847330570220947,0.09589295958479245,0.7671279509862264,0.7640469471613566,0.7902208419245358
q00725,1.490709702173869,-0.3551459809144338,0.4470805873473485,1.0043582916259766,0.04376809243004807
q00726,2.11604106426239,-0.5495403210322062,-0.08286831031243007,1.0308473308881123,0.650283172964937
q00727,0.7343506415685018,0.027467283109823864,0.2125116984049479,0.8700767159461975,0.9068527535167543
q00728,1.2717229127883911,-0.05513437589009603,0.6519016325473785,0.7589211662610372,0.7821958955551817
q00729,1.145973801612854,-0.07333911210298538,0.4651618003845215,0.7644678950309753,0.004996647825411387
q00730,0.3115512654185295,-0.24419346451759338,0.30354487895965576,0.5972356287141641,0.7438977402764786
q00731,0.7709924976030985,0.22520014643669128,0.5962533553441366,0.5030287901560465,0.8243781786429532
q00732,0.9061420758565267,-0.0040232570221026736,1.0536136031150818,1.0013844569524128,0.9674313469585565
q00733,1.0499401489893596,-0.09739404171705246,0.6529482305049896,0.8255313038825989,0.25534541088251816
q00734,1.1599968274434407,-0.1712119256456693,-0.06336080034573872,0.9972909291585287,0.06106906521376887
q00735,1.854258139928182,-0.6365611950556437,2.1846774021784463,1.5445183912913005,0.02810197810675167
q00736,1.2529186805089314,-0.3844486673672994,1.105258822441101,1.4949214855829875,0.9942083726792961
q00737,1.4634333451588948,-0.31679577628771466,0.3759207526842753,0.9163964589436849,0.992973336977305
q00738,1.3351266384124756,-0.28453826407591504,1.142666220664978,1.0350677967071533,0.003828396248787327
q00739,0.9512525200843811,-0.19139374792575836,0.8465261061986288,1.422905961672465,0.7846627897027669
q00740,1.0732830166816711,-0.05695773847401142,0.49976181983947754,0.7358038028081259,0.9588637465785506
q00741,1.0923517942428589,-0.26144025723139447,1.0883333881696065,1.1880202094713848,0.10722980107458371
q00742,1.3362932999928792,-0.20962458103895187,0.8417568604151408,0.8993327816327413,0.9858488162757372
q00743,0.781570186217626,0.2079269178211689,0.5499551395575205,0.5690240760644277,0.28822931778065874
q00744,1.3341589371363323,-0.26959554851055145,0.09905035917957623,0.9084039926528931,0.8750147836277807
q00745,1.1292474865913391,-0.196163609623909,1.3089453776677449,1.384861667950948,0.20818662726924214
q00746,1.2965675592422485,-0.2947090690334638,1.6984256108601887,1.2267477711041768,0.9392773830960733
q00747,1.4186948140462239,-0.41529709100723267,0.20910729467868805,1.2212058305740356,0.05416489354626017
q00748,1.1621949672698975,-0.21580648918946585,-0.06236962849895159,0.9681037465731303,0.9953947771752284
q00749,1.2514950037002563,-0.3942969540754954,-0.2605077202121417,1.229124665260315,0.014661140798081784
q00750,1.2394218842188518,-0.27834012111028034,-0.3330658475557963,1.159892976284027,0.3099881134323854
q00751,1.0852495034535725,-0.0798752245803674,0.04770666112502416,0.8626039028167725,0.05609571857025516
q00752,1.1674482425053914,-0.18887407084306082,1.0225658416748047,0.9528011679649353,0.8805871131499743
q00753,1.2106152772903442,-0.09592233846584956,0.27470878263314563,0.7482694784800211,0.11748521500948747
q00754,1.6515218019485474,-0.456836462020874,0.1570410132408142,1.0261429349581401,0.03631140261600431
q00755,1.195001522699992,-0.10918194055557251,0.8971166610717773,0.9407422542572021,0.05200138899677085
q00756,1.024714986483256,-0.06221175752580166,0.599562406539917,0.8203527132670084,0.9254922364006217
q00757,1.2906166911125183,-0.23765813807646433,1.0980223417282104,1.2155752976735432,0.1220838651736934
q00758,1.0963468154271443,-0.2569437026977539,-0.14907040943702063,1.1809795300165813,0.18720651319013212
q00759,1.0464210510253906,-0.17786327749490738,-0.02580113212267558,1.0342521667480469,0.3153032181985918
q00760,1.0475828250249226,-0.12566670899589857,0.9596911470095316,0.947831372419993,0.9767649684027717
q00761,0.7879413962364197,0.014102499776830276,1.158947269121806,0.9584330717722574,0.8074115803803004
q00762,1.323123613993327,-0.21543014546235403,0.45780716339747113,0.893148938814799,0.004345993563580784
q00763,0.9226389726003011,-0.03554462020595869,0.09369331101576488,1.0577403704325359,0.7164995072856727
q00764,1.2781272331873577,-0.15576070919632912,0.7131836712360382,0.8663503527641296,0.008202103083094789
q00765,1.180590033531189,-0.4661363363265991,1.2536951899528503,1.815287192662557,0.34063937937236677
q00766,0.837030827999115,-0.05105193704366684,0.8396638631820679,1.067513147989909,0.080717680337053
q00767,0.9209712346394857,0.18331808845202127,0.5547589957714081,0.5220146775245667,0.9883427835593626
q00768,1.4178506135940552,-0.5729196767012278,0.5106276820103327,2.071699062983195,0.10108974333496623
q00769,1.0613287289937336,-0.19250222419699034,0.2171861877044042,1.2113453547159831,0.7685904132821513
q00770,1.4865309794743855,-0.4513128499190013,0.759942869345347,1.4214171568552654,0.24622077352520633
q00771,0.5382281243801117,1.8398412466049194,0.48750003178914386,0.41058258215586346,0.8437949089863781
q00772,1.1478805939356487,-0.1326893741885821,0.16017528623342514,0.9043782750765482,0.09684647050203851
q00773,1.4816879828770955,-0.3628806670506795,1.2589715321858723,1.1162592967351277,0.25634236267431865
q00774,1.2202184597651164,-0.20126121677458286,0.10947490607698758,0.9059771696726481,0.9451152145176447
q00775,1.047868013381958,-0.055628897001345955,0.9731146295865377,0.8233771522839864,0.9730566961946184
q00776,0.7157880266507467,0.07052970429261525,0.5870145559310913,0.9198714296023051,0.9089837763880716
q00777,1.2363508939743042,-0.048888094102342926,0.6542767286300659,0.7504297296206156,0.0045743193195392955
q00778,1.5817774534225464,-0.4792761405309041,-0.12881323446830115,1.1190991401672363,0.11053083614388519
q00779,1.0814578135808308,-0.30090496440728504,0.5071385006109873,1.510795791943868,0.7634314297331235
q00780,0.643153965473175,0.14732925159235796,0.3970980644226074,0.6591614534457525,0.08992457812901979
q00781,1.4540503819783528,-0.5443671643733978,0.9646476109822592,2.0320326487223306,0.025215846899871323
q00782,0.6470439632733663,-0.03862749102214972,0.027824223041534424,1.2401833534240723,0.1822025565545669
q00783,1.0115568240483601,0.1266008367141088,0.5910881261030833,0.6235549549261729,0.9383704609332646
q00784,1.1521082123120625,-0.10705324510733287,0.643906851609548,0.9404438535372416,0.9806569017160959
q00785,0.37182098627090454,1.8398412466049194,0.5222842991352081,-1.7433385848999023,0.40409704561488025
q00786,1.4608871539433796,-0.5517459412415823,0.7079761425654093,1.8856524229049683,0.9552989397009047
q00787,0.5666587849458059,1.8398412466049194,0.6106862425804138,0.08917419364054997,0.9245269747492012
q00788,1.1191505988438923,-0.09056028723716736,0.3880309388041496,0.9032182296117147,0.9169707660542087
q00789,1.7401198546091716,-0.4515831470489502,1.2604861855506897,1.0265340407689412,0.9562220537555324
q00790,0.7793543537457784,1.8398412466049194,0.5530831813812256,0.2728206713994344,0.05436058841241114
q00791,1.214378555615743,-0.514807383219401,0.37777353326479596,1.9261377255121868,0.27107296133937736
q00792,0.7221032381057739,0.10093200703461964,0.914264996846517,0.7393970191478729,0.03534421591422458
q00793,1.617592692375183,-0.5417748093605042,0.8673503001530966,1.3369166453679402,0.2268488571991537
q00794,0.31422258416811627,1.8398412466049194,0.6553836464881897,0.05270520100990931,0.1974895258917029
q00795,1.1890521844228108,-0.35161707798639935,1.7540804147720337,1.2939761877059937,0.9142370867603756
q00796,0.8935321370760599,-0.23624937236309052,0.06396881739298503,1.4860258499781291,0.7944261444927846
q00797,1.470843990643819,-0.31431232889493305,1.6648847659428914,1.0428279638290405,0.897612132122972
q00798,0.6197020212809244,1.8398412466049194,0.7516254186630249,0.14187065263589224,0.05060742714659099
q00799,1.1653504371643066,-0.036416160563627877,1.0758966008822124,0.7985143264134725,0.7700228392590807
q00800,0.5410465796788534,0.14578946928183237,-0.08043612912297249,0.9952669342358907,0.9151398190804169
q00801,0.3230445186297099,1.8398412466049194,0.6798296570777893,-1.7433385848999023,0.8906968364944983
q00802,1.3631523847579956,-0.3437546193599701,-0.3621293790638447,1.083535075187683,0.21840213604452063
q00803,1.7017743587493896,-0.5280291934808096,1.2825191020965576,1.2957958380381267,0.9391540899609349
q00804,0.7119927604993185,0.19944741825262705,1.0840021967887878,0.6620530883471171,0.07062392886729152
q00805,0.9258643190066019,-0.17214962591727576,0.4510049683352311,1.1254300276438396,0.012416197076846566
q00806,1.392369270324707,-0.15815758580962816,0.49853256344795227,0.7343729734420776,0.555604666324988
q00807,1.0050708254178364,-0.1075375924507777,0.10747146606445312,0.9584480921427408,0.9725010467853404
